"src","alt_example","pages_using_count","first_seen_url"
"https://s.w.org/images/core/emoji/17.0.2/svg/26a0.svg","⚠️","1","https://shutter-envy.co.uk/are-shutters-better-than-curtains-for-privacy/"
"https://s.w.org/images/core/emoji/17.0.2/svg/2705.svg","✅","1","https://shutter-envy.co.uk/are-shutters-better-than-curtains-for-privacy/"
"https://shutter-envy.co.uk/wp-content/uploads/2024/08/02-shutter-envy-logos.svg","Shutter Envy","118","https://shutter-envy.co.uk/"
"https://shutter-envy.co.uk/wp-content/uploads/2024/08/08-shutter-envy-logos.svg","","118","https://shutter-envy.co.uk/"
"https://shutter-envy.co.uk/wp-content/uploads/2024/08/Portchester-Certified-Partner-1024x1024.png","Portchester Certified Partner","118","https://shutter-envy.co.uk/"
"https://shutter-envy.co.uk/wp-content/uploads/2024/08/Shutter-Envy-Ltd-Blind-Shutter-Specialists-of-The-Year-7.png","Shutter Envy Ltd Blind Shutter Specialists of The Year 7","1","https://shutter-envy.co.uk/window-blinds-vs-shutters-which-is-right-for-your-home/"
"https://shutter-envy.co.uk/wp-content/uploads/2024/08/e0fee7_66b4934a13ae407ab87237b910d34d42mv2.jpg","e0fee7 66b4934a13ae407ab87237b910d34d42mv2","1","https://shutter-envy.co.uk/are-window-shutters-still-on-trend/"
"https://shutter-envy.co.uk/wp-content/uploads/2024/08/shutter-envy-horizontal.png","Shutter Envy","118","https://shutter-envy.co.uk/"
"https://shutter-envy.co.uk/wp-content/uploads/2024/09/2024-winner-logo-horizontal-1024x262.png","2024 winner logo horizontal","1","https://shutter-envy.co.uk/why-made-to-measure-shutters-make-all-the-difference/"
"https://shutter-envy.co.uk/wp-content/uploads/2024/09/273276146_304646871725928_6173505723800610636_n-1024x768.jpg","273276146 304646871725928 6173505723800610636 n","1","https://shutter-envy.co.uk/choosing-the-perfect-style-full-height-vs-tier-on-tier-shutters/"
"https://shutter-envy.co.uk/wp-content/uploads/2024/09/331372752_1196112567959258_1291423757347823463_n-300x225.jpg","331372752_1196112567959258_1291423757347823463_n","1","https://shutter-envy.co.uk/"
"https://shutter-envy.co.uk/wp-content/uploads/2024/09/336b6a21-40c3-419f-a84e-639e8c608ea6-300x225.jpg","336b6a21-40c3-419f-a84e-639e8c608ea6","1","https://shutter-envy.co.uk/"
"https://shutter-envy.co.uk/wp-content/uploads/2024/09/37a8cba1-a644-4b43-b796-153b5759166a-300x225.jpg","37a8cba1-a644-4b43-b796-153b5759166a","1","https://shutter-envy.co.uk/"
"https://shutter-envy.co.uk/wp-content/uploads/2024/09/40948064-e34a-4816-b8c7-aae5ef6f4759-1024x768.jpg","40948064 e34a 4816 b8c7 aae5ef6f4759","1","https://shutter-envy.co.uk/diy-vs-professional-shutter-installation-whats-right-for-you/"
"https://shutter-envy.co.uk/wp-content/uploads/2024/09/40948064-e34a-4816-b8c7-aae5ef6f4759-300x225.jpg","40948064-e34a-4816-b8c7-aae5ef6f4759","1","https://shutter-envy.co.uk/"
"https://shutter-envy.co.uk/wp-content/uploads/2024/09/431555826_2629833587193609_4928996973115882659_n-300x169.jpg","431555826_2629833587193609_4928996973115882659_n","1","https://shutter-envy.co.uk/"
"https://shutter-envy.co.uk/wp-content/uploads/2024/09/51034b6f-b621-4803-ac3c-c82be1119720-300x225.jpg","51034b6f-b621-4803-ac3c-c82be1119720","1","https://shutter-envy.co.uk/"
"https://shutter-envy.co.uk/wp-content/uploads/2024/09/5bc529c6-242f-4aab-8112-67d895fc7c43-1024x768.jpg","5bc529c6 242f 4aab 8112 67d895fc7c43","1","https://shutter-envy.co.uk/what-are-cafe-style-shutters-and-what-is-the-point-of-them/"
"https://shutter-envy.co.uk/wp-content/uploads/2024/09/5bc529c6-242f-4aab-8112-67d895fc7c43.jpg","5bc529c6 242f 4aab 8112 67d895fc7c43","1","https://shutter-envy.co.uk/"
"https://shutter-envy.co.uk/wp-content/uploads/2024/09/67934f49-5875-48a1-bc94-fb57b97aa673-300x225.jpg","67934f49-5875-48a1-bc94-fb57b97aa673","1","https://shutter-envy.co.uk/"
"https://shutter-envy.co.uk/wp-content/uploads/2024/09/7649e647-7b1a-4e29-85a7-bc5e389a211f-300x225.jpg","7649e647-7b1a-4e29-85a7-bc5e389a211f","1","https://shutter-envy.co.uk/"
"https://shutter-envy.co.uk/wp-content/uploads/2024/09/76d00e42-5af1-48e9-8a18-3e1d576a93dc-300x225.jpg","76d00e42-5af1-48e9-8a18-3e1d576a93dc","1","https://shutter-envy.co.uk/"
"https://shutter-envy.co.uk/wp-content/uploads/2024/09/80d1ccec-58e1-468a-a8e9-9d02d4bee351-300x225.jpg","80d1ccec-58e1-468a-a8e9-9d02d4bee351","1","https://shutter-envy.co.uk/"
"https://shutter-envy.co.uk/wp-content/uploads/2024/09/81b434a3-176c-46c1-845b-e3efc04fc22e-300x225.jpg","81b434a3-176c-46c1-845b-e3efc04fc22e","1","https://shutter-envy.co.uk/"
"https://shutter-envy.co.uk/wp-content/uploads/2024/09/9e918f31-4bc2-4b4e-9775-72b25368c1c7-1-300x225.jpg","9e918f31-4bc2-4b4e-9775-72b25368c1c7 (1)","1","https://shutter-envy.co.uk/"
"https://shutter-envy.co.uk/wp-content/uploads/2024/09/Chris-Sanders-853x1024.jpg","Chris Sanders","2","https://shutter-envy.co.uk/"
"https://shutter-envy.co.uk/wp-content/uploads/2024/09/Front_Street_in_Birstall_Leicestershire_-_geograph.org_.uk_-_5973746.jpg","","1","https://shutter-envy.co.uk/locations/shutters-birstall/"
"https://shutter-envy.co.uk/wp-content/uploads/2024/09/Groby_Lane_heading_towards_Groby_-_geograph.org_.uk_-_3038271.jpg","","1","https://shutter-envy.co.uk/locations/shutters-groby/"
"https://shutter-envy.co.uk/wp-content/uploads/2024/09/Laura-Sanders-853x1024.jpg","Laura Sanders","2","https://shutter-envy.co.uk/"
"https://shutter-envy.co.uk/wp-content/uploads/2024/09/Leicester_Clock_Tower_wide_view.jpg","","1","https://shutter-envy.co.uk/locations/shutters-in-leicester/"
"https://shutter-envy.co.uk/wp-content/uploads/2024/09/Loughborough_Carillon_-_geograph.org_.uk_-_3930.jpg","","1","https://shutter-envy.co.uk/locations/shutters-in-loughborough/"
"https://shutter-envy.co.uk/wp-content/uploads/2024/09/Mark-Sanders-853x1024.jpg","Mark Sanders","2","https://shutter-envy.co.uk/"
"https://shutter-envy.co.uk/wp-content/uploads/2024/09/Mirande-Glitter-Gold-v2-1024x768.jpg","","1","https://shutter-envy.co.uk/the-benefits-of-motorised-blinds-convenience-style-and-smart-home-integration/"
"https://shutter-envy.co.uk/wp-content/uploads/2024/09/Mirande-Glitter-Gold-v2-768x576.jpg","","1","https://shutter-envy.co.uk/news/page/4/"
"https://shutter-envy.co.uk/wp-content/uploads/2024/09/Old_John_Bradgate_Park_-_geograph.org_.uk_-_4653731.jpg","","1","https://shutter-envy.co.uk/locations/shutters-in-charnwood/"
"https://shutter-envy.co.uk/wp-content/uploads/2024/09/P1050628-768x576.jpg","","1","https://shutter-envy.co.uk/news/page/4/"
"https://shutter-envy.co.uk/wp-content/uploads/2024/09/P1050628.jpg","P1050628","2","https://shutter-envy.co.uk/dont-get-shutter-struck-your-essential-guide-to-buying-shutters/"
"https://shutter-envy.co.uk/wp-content/uploads/2024/09/Quorn_Village_Centre_-_geograph.org_.uk_-_516906.jpg","","1","https://shutter-envy.co.uk/locations/shutters-in-quorn/"
"https://shutter-envy.co.uk/wp-content/uploads/2024/09/River_Soar_at_Barrow_upon_Soar_Leicestershire_-_geograph.org_.uk_-_5984387.jpg","","1","https://shutter-envy.co.uk/locations/shutters-in-barrow-upon-soar/"
"https://shutter-envy.co.uk/wp-content/uploads/2024/09/Rothley_parish_church_2006-04-04_006web.jpg","","1","https://shutter-envy.co.uk/locations/shutters-in-rothley/"
"https://shutter-envy.co.uk/wp-content/uploads/2024/09/Sileby_High_Street_-_geograph.org_.uk_-_860407.jpg","","1","https://shutter-envy.co.uk/locations/shutters-sileby/"
"https://shutter-envy.co.uk/wp-content/uploads/2024/09/The_Midland_Railway_Syston_-_geograph.org_.uk_-_5310098.jpg","","1","https://shutter-envy.co.uk/locations/shutters-in-syston/"
"https://shutter-envy.co.uk/wp-content/uploads/2024/09/dotwall-Web-Design2024-09-02-at-20.46.30-1024x775.jpg","dotwall Web Design2024 09 02 at 20.46.30","3","https://shutter-envy.co.uk/about/"
"https://shutter-envy.co.uk/wp-content/uploads/2024/09/dotwall-Web-Design2024-09-02-at-20.46.30-300x227.jpg","Picture of Mark Sanders","1","https://shutter-envy.co.uk/diy-vs-professional-shutter-installation-whats-right-for-you/"
"https://shutter-envy.co.uk/wp-content/uploads/2024/09/dotwall-Web-Design2024-09-02-at-20.46.30.jpg","dotwall Web Design2024 09 02 at 20.46.30","1","https://shutter-envy.co.uk/"
"https://shutter-envy.co.uk/wp-content/uploads/2024/09/e68babe4-22ca-4d1d-af57-b6800022f54f-1024x768.jpg","e68babe4 22ca 4d1d af57 b6800022f54f","1","https://shutter-envy.co.uk/can-your-shutters-survive-the-bathroom/"
"https://shutter-envy.co.uk/wp-content/uploads/2024/09/icon.png","icon","3","https://shutter-envy.co.uk/"
"https://shutter-envy.co.uk/wp-content/uploads/2024/09/mobile-lgoo-SE.svg","Shutter Envy","118","https://shutter-envy.co.uk/"
"https://shutter-envy.co.uk/wp-content/uploads/2024/10/106shots_so-768x768.jpeg","","1","https://shutter-envy.co.uk/news/page/4/"
"https://shutter-envy.co.uk/wp-content/uploads/2024/10/106shots_so.jpeg","106shots so","2","https://shutter-envy.co.uk/"
"https://shutter-envy.co.uk/wp-content/uploads/2024/10/7649e647-7b1a-4e29-85a7-bc5e389a211f-Large-1024x768.jpeg","7649e647 7b1a 4e29 85a7 bc5e389a211f Large","1","https://shutter-envy.co.uk/choosing-the-perfect-style-full-height-vs-tier-on-tier-shutters/"
"https://shutter-envy.co.uk/wp-content/uploads/2024/10/80d1ccec-58e1-468a-a8e9-9d02d4bee351-1024x768.jpg","","1","https://shutter-envy.co.uk/diy-vs-professional-shutter-installation-whats-right-for-you/"
"https://shutter-envy.co.uk/wp-content/uploads/2024/10/80d1ccec-58e1-468a-a8e9-9d02d4bee351-768x576.jpg","","1","https://shutter-envy.co.uk/news/page/4/"
"https://shutter-envy.co.uk/wp-content/uploads/2024/10/dotwall-Web-Design2024-10-07-at-14.08.01.jpeg","dotwall Web Design2024 10 07 at 14.08.01","1","https://shutter-envy.co.uk/"
"https://shutter-envy.co.uk/wp-content/uploads/2024/11/shutter-envy.jpg","shutter envy","1","https://shutter-envy.co.uk/"
"https://shutter-envy.co.uk/wp-content/uploads/2024/12/MeltonMowbrayTown-3.jpg","","1","https://shutter-envy.co.uk/locations/shutters-melton-mowbray/"
"https://shutter-envy.co.uk/wp-content/uploads/2025/02/Award-2-300x300.jpg","Award 2","1","https://shutter-envy.co.uk/shutter-envy-wins-prestigious-award-of-excellence-2025/"
"https://shutter-envy.co.uk/wp-content/uploads/2025/02/Award-2.jpg","","2","https://shutter-envy.co.uk/shutter-envy-wins-prestigious-award-of-excellence-2025/"
"https://shutter-envy.co.uk/wp-content/uploads/2025/02/Cafe-Style-Shutters-scaled-1-1024x768.jpg","Cafe Style Shutters scaled 1","1","https://shutter-envy.co.uk/portchester-aluminium-shutters-leicester/"
"https://shutter-envy.co.uk/wp-content/uploads/2025/02/Full-Height-scaled-1-1024x677.jpg","Full Height scaled 1","2","https://shutter-envy.co.uk/portchester-aluminium-shutters-leicester/"
"https://shutter-envy.co.uk/wp-content/uploads/2025/02/Portchester-Bedroom-Security-Shutters-1024x961-1-768x721.jpg","","1","https://shutter-envy.co.uk/news/page/4/"
"https://shutter-envy.co.uk/wp-content/uploads/2025/02/Portchester-Bedroom-Security-Shutters-1024x961-1.jpg","","1","https://shutter-envy.co.uk/portchester-aluminium-shutters-the-ultimate-security-style-solution-for-your-home/"
"https://shutter-envy.co.uk/wp-content/uploads/2025/02/S-CRAFT-Aluminium-Shutters-Kitchen-2-Satin-White-1024x683.jpg","S CRAFT Aluminium Shutters Kitchen 2 Satin White","1","https://shutter-envy.co.uk/portchester-aluminium-shutters-the-ultimate-security-style-solution-for-your-home/"
"https://shutter-envy.co.uk/wp-content/uploads/2025/02/S-CRAFT-Aluminium-Shutters-Living-Room-2-Satin-White-1024x670.jpg","S CRAFT Aluminium Shutters Living Room 2 Satin White","1","https://shutter-envy.co.uk/portchester-aluminium-shutters-the-ultimate-security-style-solution-for-your-home/"
"https://shutter-envy.co.uk/wp-content/uploads/2025/02/SCraft-Shutter-Styles_0000_Full-Height-1.png","SCraft Shutter Styles 0000 Full Height 1","1","https://shutter-envy.co.uk/portchester-aluminium-shutters-leicester/"
"https://shutter-envy.co.uk/wp-content/uploads/2025/02/SCraft-Shutter-Styles_0001_Cafe-Style-1.png","SCraft Shutter Styles 0001 Cafe Style 1","1","https://shutter-envy.co.uk/portchester-aluminium-shutters-leicester/"
"https://shutter-envy.co.uk/wp-content/uploads/2025/02/SCraft-Shutter-Styles_0002_Tier-On-Tier-1.png","SCraft Shutter Styles 0002 Tier On Tier 1","1","https://shutter-envy.co.uk/portchester-aluminium-shutters-leicester/"
"https://shutter-envy.co.uk/wp-content/uploads/2025/02/SCraft-Shutter-Styles_0004_Bay-Windows-1.png","SCraft Shutter Styles 0004 Bay Windows 1","1","https://shutter-envy.co.uk/portchester-aluminium-shutters-leicester/"
"https://shutter-envy.co.uk/wp-content/uploads/2025/02/SCraft-Shutter-Styles_0011_Solidl-1.png","SCraft Shutter Styles 0011 Solidl 1","1","https://shutter-envy.co.uk/portchester-aluminium-shutters-leicester/"
"https://shutter-envy.co.uk/wp-content/uploads/2025/02/Tier-on-Tier-1024x715.jpg","Tier on Tier","1","https://shutter-envy.co.uk/portchester-aluminium-shutters-leicester/"
"https://shutter-envy.co.uk/wp-content/uploads/2025/02/bay-window-shutters-for-your-home-1024x525.jpg","bay window shutters for your home","2","https://shutter-envy.co.uk/portchester-aluminium-shutters-leicester/"
"https://shutter-envy.co.uk/wp-content/uploads/2025/02/dotwall-Web-Design2025-02-19-at-11.11.56.png","dotwall Web Design2025 02 19 at 11.11.56","2","https://shutter-envy.co.uk/portchester-aluminium-shutters-leicester/"
"https://shutter-envy.co.uk/wp-content/uploads/2025/02/solid-shutters-1024x768.jpg","solid shutters","1","https://shutter-envy.co.uk/portchester-aluminium-shutters-leicester/"
"https://shutter-envy.co.uk/wp-content/uploads/2025/03/644shots_so-768x576.jpeg","","1","https://shutter-envy.co.uk/news/page/3/"
"https://shutter-envy.co.uk/wp-content/uploads/2025/03/644shots_so.jpeg","644shots so","1","https://shutter-envy.co.uk/transform-your-home-with-shutter-envy-real-reviews-real-results/"
"https://shutter-envy.co.uk/wp-content/uploads/2025/03/Freehomepage232-18-1-1024x1024.jpg","Freehomepage232 18 1","1","https://shutter-envy.co.uk/window-blinds-vs-shutters-which-is-right-for-your-home/"
"https://shutter-envy.co.uk/wp-content/uploads/2025/03/Freehomepage232-18-1024x1024.jpg","","1","https://shutter-envy.co.uk/window-blinds-vs-shutters-which-is-right-for-your-home/"
"https://shutter-envy.co.uk/wp-content/uploads/2025/03/Freehomepage232-18-768x768.jpg","","1","https://shutter-envy.co.uk/news/page/3/"
"https://shutter-envy.co.uk/wp-content/uploads/2025/03/PXL_20250303_165325777.RAW-01.COVER-Large-1024x771.jpeg","PXL 20250303 165325777.RAW 01.COVER Large","1","https://shutter-envy.co.uk/why-loughborough-homeowners-love-our-bespoke-shutters/"
"https://shutter-envy.co.uk/wp-content/uploads/2025/03/Why-Made-to-Measure-Shutters-Make-All-the-Difference-1024x1024.jpeg","","1","https://shutter-envy.co.uk/why-made-to-measure-shutters-make-all-the-difference/"
"https://shutter-envy.co.uk/wp-content/uploads/2025/03/Why-Made-to-Measure-Shutters-Make-All-the-Difference-768x768.jpeg","","1","https://shutter-envy.co.uk/news/page/3/"
"https://shutter-envy.co.uk/wp-content/uploads/2025/03/brush-silver.png","brush silver","1","https://shutter-envy.co.uk/window-blinds-vs-shutters-which-is-right-for-your-home/"
"https://shutter-envy.co.uk/wp-content/uploads/2025/03/dotwall-Web-Design2025-03-10-at-14.16.37-1024x612.jpeg","dotwall Web Design2025 03 10 at 14.16.37","2","https://shutter-envy.co.uk/window-blinds-vs-shutters-which-is-right-for-your-home/"
"https://shutter-envy.co.uk/wp-content/uploads/2025/03/dotwall-Web-Design2025-03-10-at-14.16.37-1024x612.png","","1","https://shutter-envy.co.uk/from-mdf-to-hardwood-choosing-the-right-shutter-material/"
"https://shutter-envy.co.uk/wp-content/uploads/2025/03/dotwall-Web-Design2025-03-10-at-14.16.37-768x459.png","","1","https://shutter-envy.co.uk/news/page/3/"
"https://shutter-envy.co.uk/wp-content/uploads/2025/03/dotwall-Web-Design2025-03-10-at-14.16.37.jpeg","dotwall Web Design2025 03 10 at 14.16.37","1","https://shutter-envy.co.uk/why-loughborough-homeowners-love-our-bespoke-shutters/"
"https://shutter-envy.co.uk/wp-content/uploads/2025/03/dotwall-Web-Design2025-03-10-at-14.19.49-Large-1024x645.jpeg","","1","https://shutter-envy.co.uk/why-loughborough-homeowners-love-our-bespoke-shutters/"
"https://shutter-envy.co.uk/wp-content/uploads/2025/03/dotwall-Web-Design2025-03-10-at-14.19.49-Large-768x484.jpeg","","1","https://shutter-envy.co.uk/news/page/3/"
"https://shutter-envy.co.uk/wp-content/uploads/2025/03/dotwall-Web-Design2025-03-10-at-14.19.49-Large.jpeg","dotwall Web Design2025 03 10 at 14.19.49 Large","1","https://shutter-envy.co.uk/why-loughborough-homeowners-love-our-bespoke-shutters/"
"https://shutter-envy.co.uk/wp-content/uploads/2025/03/dotwall-Web-Design2025-03-10-at-14.28.30-Large-1-1024x687.jpeg","dotwall Web Design2025 03 10 at 14.28.30 Large 1","1","https://shutter-envy.co.uk/why-loughborough-homeowners-love-our-bespoke-shutters/"
"https://shutter-envy.co.uk/wp-content/uploads/2025/03/dotwall-Web-Design2025-03-21-at-15.29.47-1024x450.png","dotwall Web Design2025 03 21 at 15.29.47","1","https://shutter-envy.co.uk/why-made-to-measure-shutters-make-all-the-difference/"
"https://shutter-envy.co.uk/wp-content/uploads/2025/04/12c487_7d88b3998f8a4d1bb71babf5c4b13ce8mv2-1024x310.jpeg","12c487 7d88b3998f8a4d1bb71babf5c4b13ce8mv2","1","https://shutter-envy.co.uk/motorised-blinds-a-smarter-way-to-control-your-home/"
"https://shutter-envy.co.uk/wp-content/uploads/2025/04/12c487_c1fabcdeebed41359e8fe4c740586496mv2-1024x396.jpg","12c487 c1fabcdeebed41359e8fe4c740586496mv2","1","https://shutter-envy.co.uk/motorised-blinds-a-smarter-way-to-control-your-home/"
"https://shutter-envy.co.uk/wp-content/uploads/2025/04/Blind-and-Shutter-Specialists-of-The-Year.png","Blind and Shutter Specialists of The Year","2","https://shutter-envy.co.uk/shutter-envy-named-blind-shutter-specialists-of-the-year-for-third-year-running/"
"https://shutter-envy.co.uk/wp-content/uploads/2025/04/Galaxy-Honey-Comb-Blind-2.webp","Galaxy Honey Comb Blind 2","3","https://shutter-envy.co.uk/automated-blinds-the-smart-way-to-add-comfort-to-your-home/"
"https://shutter-envy.co.uk/wp-content/uploads/2025/04/Google-Chrome-2025-04-09-12.55.01-768x359.png","","1","https://shutter-envy.co.uk/news/page/3/"
"https://shutter-envy.co.uk/wp-content/uploads/2025/04/Google-Chrome-2025-04-09-12.55.01.png","","1","https://shutter-envy.co.uk/outdoor-living-add-style-and-shade-with-our-awnings/"
"https://shutter-envy.co.uk/wp-content/uploads/2025/04/automised-blinds-ben-in-loughboough-768x768.jpeg","","1","https://shutter-envy.co.uk/news/page/3/"
"https://shutter-envy.co.uk/wp-content/uploads/2025/04/automised-blinds-ben-in-loughboough.jpeg","automised blinds ben in loughboough","2","https://shutter-envy.co.uk/automated-blinds-the-smart-way-to-add-comfort-to-your-home/"
"https://shutter-envy.co.uk/wp-content/uploads/2025/04/dotwall-Web-Design2025-04-02-at-09.53.43-1024x601.png","dotwall Web Design2025 04 02 at 09.53.43","1","https://shutter-envy.co.uk/motorised-blinds-a-smarter-way-to-control-your-home/"
"https://shutter-envy.co.uk/wp-content/uploads/2025/04/dotwall-Web-Design2025-04-24-at-12.27.17-1024x681.jpeg","dotwall Web Design2025 04 24 at 12.27.17","2","https://shutter-envy.co.uk/7-signs-its-time-to-replace-your-old-blinds-with-shutters/"
"https://shutter-envy.co.uk/wp-content/uploads/2025/04/dotwall-Web-Design2025-04-24-at-12.27.17-768x511.jpeg","","1","https://shutter-envy.co.uk/news/page/3/"
"https://shutter-envy.co.uk/wp-content/uploads/2025/05/Antigua-MDF-shutters-leicester-1024x1024.jpeg","","1","https://shutter-envy.co.uk/are-window-shutters-still-on-trend/"
"https://shutter-envy.co.uk/wp-content/uploads/2025/05/Antigua-MDF-shutters-leicester-768x768.jpeg","","1","https://shutter-envy.co.uk/news/page/3/"
"https://shutter-envy.co.uk/wp-content/uploads/2025/05/dotwall-Web-Design2025-05-01-at-10.31.35-1024x367.png","Map showing Leicester and surrounding villages covered by Shutter Envy","1","https://shutter-envy.co.uk/shutters-blinds-north-leicestershire/"
"https://shutter-envy.co.uk/wp-content/uploads/2025/05/shutter-envy-Local-Shutter-Installations-Across-North-Leicester-Large.jpeg","shutter envy Local Shutter Installations Across North Leicester Large","1","https://shutter-envy.co.uk/shutters-blinds-north-leicestershire/"
"https://shutter-envy.co.uk/wp-content/uploads/2025/05/shutter-envy-mark-supports-man-u-1-1024x683.jpeg","Cartoon of Shutter Envy director Mark wearing a Manchester United shirt at a window","1","https://shutter-envy.co.uk/shutters-blinds-north-leicestershire/"
"https://shutter-envy.co.uk/wp-content/uploads/2025/05/shutter-envy-mark-supports-man-u-1-768x512.jpeg","Cartoon of Shutter Envy director Mark wearing a Manchester United shirt at a window","1","https://shutter-envy.co.uk/news/page/3/"
"https://shutter-envy.co.uk/wp-content/uploads/2025/05/shutter-envy-mark-supports-man-u-1024x683.jpeg","shutter envy mark supports man u","2","https://shutter-envy.co.uk/my-windows-arent-standard-size-can-i-still-get-shutters/"
"https://shutter-envy.co.uk/wp-content/uploads/2025/05/shutters-in-loughborough-shutter-envy-1-768x768.jpg","","1","https://shutter-envy.co.uk/news/page/3/"
"https://shutter-envy.co.uk/wp-content/uploads/2025/05/shutters-in-loughborough-shutter-envy-1.jpg","shutters in loughborough shutter envy 1","1","https://shutter-envy.co.uk/the-shutter-envy-process-from-survey-to-installation/"
"https://shutter-envy.co.uk/wp-content/uploads/2025/05/shutters-in-loughborough-shutter-envy-Large-1024x558.jpeg","shutters in loughborough shutter envy Large","2","https://shutter-envy.co.uk/dont-get-shutter-struck-your-essential-guide-to-buying-shutters/"
"https://shutter-envy.co.uk/wp-content/uploads/2025/05/window-shutters-in-the-kitchen-Large-1024x558.jpeg","window shutters in the kitchen Large","1","https://shutter-envy.co.uk/are-window-shutters-still-on-trend/"
"https://shutter-envy.co.uk/wp-content/uploads/2025/06/Shutter-Envy-Social-Posting-2-1024x1024.jpg","Shutter Envy Social Posting 2","1","https://shutter-envy.co.uk/leicester-shutters-and-blinds-transform-your-home-with-style-and-innovation/"
"https://shutter-envy.co.uk/wp-content/uploads/2025/06/Shutter-Envy-Social-Posting-2-768x768.jpg","","1","https://shutter-envy.co.uk/news/page/3/"
"https://shutter-envy.co.uk/wp-content/uploads/2025/06/Shutter-Envy-Social-Posting-4-1024x1024.jpg","","1","https://shutter-envy.co.uk/meet-kerry-our-new-shutter-envy-surveyor/"
"https://shutter-envy.co.uk/wp-content/uploads/2025/06/Shutter-Envy-Social-Posting-4-768x768.jpg","","1","https://shutter-envy.co.uk/news/page/3/"
"https://shutter-envy.co.uk/wp-content/uploads/2025/06/bold-1024x559.webp","bold","2","https://shutter-envy.co.uk/dont-get-shutter-struck-your-essential-guide-to-buying-shutters/"
"https://shutter-envy.co.uk/wp-content/uploads/2025/06/broken-blinds-768x432.webp","","1","https://shutter-envy.co.uk/news/page/3/"
"https://shutter-envy.co.uk/wp-content/uploads/2025/06/broken-blinds.webp","","1","https://shutter-envy.co.uk/7-signs-its-time-to-replace-your-old-blinds-with-shutters/"
"https://shutter-envy.co.uk/wp-content/uploads/2025/06/coastal-1024x559.webp","coastal","2","https://shutter-envy.co.uk/are-window-shutters-still-in-style-timeless-elegance-in-loughborough-leicester/"
"https://shutter-envy.co.uk/wp-content/uploads/2025/06/coastal-768x419.webp","","1","https://shutter-envy.co.uk/news/page/2/"
"https://shutter-envy.co.uk/wp-content/uploads/2025/06/eco-friendly-768x432.webp","","1","https://shutter-envy.co.uk/news/page/3/"
"https://shutter-envy.co.uk/wp-content/uploads/2025/06/eco-friendly.webp","eco friendly","2","https://shutter-envy.co.uk/are-window-shutters-still-in-style-timeless-elegance-in-loughborough-leicester/"
"https://shutter-envy.co.uk/wp-content/uploads/2025/06/faux-768x432.webp","","1","https://shutter-envy.co.uk/news/page/3/"
"https://shutter-envy.co.uk/wp-content/uploads/2025/06/faux.webp","","1","https://shutter-envy.co.uk/the-difference-between-wooden-and-faux-wood-shutters/"
"https://shutter-envy.co.uk/wp-content/uploads/2025/06/minimalistic-1024x683.webp","minimalistic","1","https://shutter-envy.co.uk/minimalist-traditional-coastal-shutters-for-every-vibe/"
"https://shutter-envy.co.uk/wp-content/uploads/2025/06/rustic-1024x559.webp","rustic","1","https://shutter-envy.co.uk/minimalist-traditional-coastal-shutters-for-every-vibe/"
"https://shutter-envy.co.uk/wp-content/uploads/2025/06/shutter-styles-768x432.webp","","1","https://shutter-envy.co.uk/news/page/3/"
"https://shutter-envy.co.uk/wp-content/uploads/2025/06/shutter-styles.webp","","1","https://shutter-envy.co.uk/minimalist-traditional-coastal-shutters-for-every-vibe/"
"https://shutter-envy.co.uk/wp-content/uploads/2025/06/traditional-1024x683.webp","traditional","1","https://shutter-envy.co.uk/minimalist-traditional-coastal-shutters-for-every-vibe/"
"https://shutter-envy.co.uk/wp-content/uploads/2025/06/traffic-noise-768x432.webp","","1","https://shutter-envy.co.uk/news/page/3/"
"https://shutter-envy.co.uk/wp-content/uploads/2025/06/traffic-noise.webp","","1","https://shutter-envy.co.uk/how-shutters-can-help-reduce-street-noise/"
"https://shutter-envy.co.uk/wp-content/uploads/2025/07/measuring-blinds-dyi-1024x576.webp","","1","https://shutter-envy.co.uk/why-measuring-yourself-can-be-a-costly-mistake/"
"https://shutter-envy.co.uk/wp-content/uploads/2025/07/measuring-blinds-dyi-768x432.webp","","1","https://shutter-envy.co.uk/news/page/3/"
"https://shutter-envy.co.uk/wp-content/uploads/2025/07/motor-blinds-1024x576.webp","","1","https://shutter-envy.co.uk/automated-blinds-for-bifold-doors-stylish-smart-practical/"
"https://shutter-envy.co.uk/wp-content/uploads/2025/07/motor-blinds-768x432.webp","","1","https://shutter-envy.co.uk/news/page/3/"
"https://shutter-envy.co.uk/wp-content/uploads/2025/08/DSCF3109-1024x683.webp","DSCF3109","1","https://shutter-envy.co.uk/kitchen-shutter-install-in-woodhouse-leicestershire/"
"https://shutter-envy.co.uk/wp-content/uploads/2025/08/DSCF3114-1024x683.webp","DSCF3114","2","https://shutter-envy.co.uk/kitchen-shutter-install-in-woodhouse-leicestershire/"
"https://shutter-envy.co.uk/wp-content/uploads/2025/08/DSCF3115-1024x683.webp","DSCF3115","1","https://shutter-envy.co.uk/kitchen-shutter-install-in-woodhouse-leicestershire/"
"https://shutter-envy.co.uk/wp-content/uploads/2025/08/DSCF3115-768x512.webp","DSCF3115","3","https://shutter-envy.co.uk/recent-work/"
"https://shutter-envy.co.uk/wp-content/uploads/2025/08/DSCF3117-683x1024.webp","DSCF3117","3","https://shutter-envy.co.uk/kitchen-shutter-install-in-woodhouse-leicestershire/"
"https://shutter-envy.co.uk/wp-content/uploads/2025/08/DSCF3121-1024x683.webp","","1","https://shutter-envy.co.uk/what-happens-during-a-shutter-installation-a-look-behind-the-scenes/"
"https://shutter-envy.co.uk/wp-content/uploads/2025/08/DSCF3121-768x512.webp","","1","https://shutter-envy.co.uk/news/page/2/"
"https://shutter-envy.co.uk/wp-content/uploads/2025/08/DSCF3133-1024x683.webp","DSCF3133","1","https://shutter-envy.co.uk/the-complete-uk-guide-to-plantation-shutters/"
"https://shutter-envy.co.uk/wp-content/uploads/2025/08/odd-shaped-768x432.webp","","2","https://shutter-envy.co.uk/news/page/2/"
"https://shutter-envy.co.uk/wp-content/uploads/2025/08/odd-shaped.webp","","2","https://shutter-envy.co.uk/the-complete-uk-guide-to-plantation-shutters/"
"https://shutter-envy.co.uk/wp-content/uploads/2025/08/warped-1024x559.webp","","1","https://shutter-envy.co.uk/can-your-shutters-survive-the-bathroom/"
"https://shutter-envy.co.uk/wp-content/uploads/2025/08/warped-768x419.webp","","1","https://shutter-envy.co.uk/news/page/3/"
"https://shutter-envy.co.uk/wp-content/uploads/2025/09/861shots_so-Medium.png","861shots so Medium","3","https://shutter-envy.co.uk/our-shutters/"
"https://shutter-envy.co.uk/wp-content/uploads/2025/09/PXL_20250916_122434867.RAW-01.COVER-Large-1024x771.jpeg","PXL 20250916 122434867.RAW 01.COVER Large","2","https://shutter-envy.co.uk/why-plantation-shutters-are-perfect-for-winter-in-leicestershire-homes/"
"https://shutter-envy.co.uk/wp-content/uploads/2025/09/PXL_20250916_122434867.RAW-01.COVER-Large-768x578.jpeg","","1","https://shutter-envy.co.uk/news/page/2/"
"https://shutter-envy.co.uk/wp-content/uploads/2025/09/PXL_20250916_122434867.RAW-01.COVER-Large.jpeg","PXL 20250916 122434867.RAW 01.COVER Large","1","https://shutter-envy.co.uk/one-of-our-customers-showed-us-his-new-shutters/"
"https://shutter-envy.co.uk/wp-content/uploads/2025/09/Untitled-design-3-1024x512.jpg","Untitled design 3","1","https://shutter-envy.co.uk/the-complete-uk-guide-to-plantation-shutters/"
"https://shutter-envy.co.uk/wp-content/uploads/2025/09/blogpost-768x432.webp","","1","https://shutter-envy.co.uk/news/page/2/"
"https://shutter-envy.co.uk/wp-content/uploads/2025/09/blogpost.webp","blogpost","2","https://shutter-envy.co.uk/how-to-choose-a-shutter-specialist-in-leicester-what-to-look-for/"
"https://shutter-envy.co.uk/wp-content/uploads/2025/10/01-Shutters-in-Leicester-1024x768.jpeg","01 Shutters in Leicester","1","https://shutter-envy.co.uk/bay-window-shutters-installed/"
"https://shutter-envy.co.uk/wp-content/uploads/2025/10/01-new-build-home-shutters-and-blinds-shutter-envy-768x1024.jpeg","01 new build home shutters and blinds shutter envy","1","https://shutter-envy.co.uk/custom-shutters-for-new-build-home-in-loughborough/"
"https://shutter-envy.co.uk/wp-content/uploads/2025/10/02-Shutters-in-Leicester-1024x768.jpeg","02 Shutters in Leicester","1","https://shutter-envy.co.uk/bay-window-shutters-installed/"
"https://shutter-envy.co.uk/wp-content/uploads/2025/10/02-Shutters-in-Leicester-768x576.jpeg","02 Shutters in Leicester","2","https://shutter-envy.co.uk/recent-work/"
"https://shutter-envy.co.uk/wp-content/uploads/2025/10/02-new-build-home-shutters-and-blinds-shutter-envy-1024x768.jpeg","02 new build home shutters and blinds shutter envy","1","https://shutter-envy.co.uk/custom-shutters-for-new-build-home-in-loughborough/"
"https://shutter-envy.co.uk/wp-content/uploads/2025/10/03-Shutters-in-Leicester-1024x768.jpeg","03 Shutters in Leicester","2","https://shutter-envy.co.uk/overcoming-common-shutter-challenges-in-new-build-homes/"
"https://shutter-envy.co.uk/wp-content/uploads/2025/10/03-Shutters-in-Leicestershire-768x576.jpg","03 Shutters in Leicestershire","2","https://shutter-envy.co.uk/recent-work/"
"https://shutter-envy.co.uk/wp-content/uploads/2025/10/03-new-build-home-shutters-and-blinds-shutter-envy-1024x768.jpeg","03 new build home shutters and blinds shutter envy","1","https://shutter-envy.co.uk/custom-shutters-for-new-build-home-in-loughborough/"
"https://shutter-envy.co.uk/wp-content/uploads/2025/10/03-new-build-home-shutters-and-blinds-shutter-envy-768x576.jpeg","03 new build home shutters and blinds shutter envy","2","https://shutter-envy.co.uk/recent-work/"
"https://shutter-envy.co.uk/wp-content/uploads/2025/10/04-Shutters-in-Leicester-1024x768.jpeg","04 Shutters in Leicester","1","https://shutter-envy.co.uk/bay-window-shutters-installed/"
"https://shutter-envy.co.uk/wp-content/uploads/2025/10/04-new-build-home-shutters-and-blinds-shutter-envy-768x1024.jpeg","04 new build home shutters and blinds shutter envy","1","https://shutter-envy.co.uk/custom-shutters-for-new-build-home-in-loughborough/"
"https://shutter-envy.co.uk/wp-content/uploads/2025/10/05-new-build-home-shutters-and-blinds-shutter-envy-768x1024.jpeg","05 new build home shutters and blinds shutter envy","1","https://shutter-envy.co.uk/custom-shutters-for-new-build-home-in-loughborough/"
"https://shutter-envy.co.uk/wp-content/uploads/2025/10/06-new-build-home-shutters-and-blinds-shutter-envy-768x1024.jpeg","06 new build home shutters and blinds shutter envy","1","https://shutter-envy.co.uk/custom-shutters-for-new-build-home-in-loughborough/"
"https://shutter-envy.co.uk/wp-content/uploads/2025/10/2636d2ca-1855-47af-8be1-ebff3b185069-1-1024x768.jpg","2636d2ca 1855 47af 8be1 ebff3b185069 1","2","https://shutter-envy.co.uk/pairing-bespoke-shutters-with-your-homes-architecture-in-the-east-midlands/"
"https://shutter-envy.co.uk/wp-content/uploads/2025/10/2636d2ca-1855-47af-8be1-ebff3b185069-1-768x576.jpg","2636d2ca 1855 47af 8be1 ebff3b185069 1","2","https://shutter-envy.co.uk/recent-work/"
"https://shutter-envy.co.uk/wp-content/uploads/2025/10/6ccb217e-44a0-48fa-a30d-2b89772680c3-1-1024x768.jpg","6ccb217e 44a0 48fa a30d 2b89772680c3 1","1","https://shutter-envy.co.uk/elegant-bay-window-shutter-installation-in-stamford/"
"https://shutter-envy.co.uk/wp-content/uploads/2025/10/791726181-503572071_1066454765546795_4018261465328268696_n-1024x768.jpg","791726181 503572071 1066454765546795 4018261465328268696 n","1","https://shutter-envy.co.uk/what-a-review-from-amie/"
"https://shutter-envy.co.uk/wp-content/uploads/2025/10/791726190-503719005_1066454842213454_7001844221472258327_n-768x576.jpg","791726190 503719005 1066454842213454 7001844221472258327 n","2","https://shutter-envy.co.uk/recent-work/"
"https://shutter-envy.co.uk/wp-content/uploads/2025/10/791726782-499411522_1054557353403203_8239367360171782071_n-819x1024.jpg","791726782 499411522 1054557353403203 8239367360171782071 n","5","https://shutter-envy.co.uk/pairing-bespoke-shutters-with-your-homes-architecture-in-the-east-midlands/"
"https://shutter-envy.co.uk/wp-content/uploads/2025/10/791726789-499997187_1054557206736551_311205241375909186_n-819x1024.jpg","791726789 499997187 1054557206736551 311205241375909186 n","4","https://shutter-envy.co.uk/bi-folding-door-shutters-installation-in-leicestershire/"
"https://shutter-envy.co.uk/wp-content/uploads/2025/10/791726814-499549747_1054557146736557_3501241845264051156_n-1-768x960.jpg","791726814 499549747 1054557146736557 3501241845264051156 n 1","2","https://shutter-envy.co.uk/recent-work/"
"https://shutter-envy.co.uk/wp-content/uploads/2025/10/791726814-499549747_1054557146736557_3501241845264051156_n-1-819x1024.jpg","791726814 499549747 1054557146736557 3501241845264051156 n 1","4","https://shutter-envy.co.uk/bi-folding-door-shutters-installation-in-leicestershire/"
"https://shutter-envy.co.uk/wp-content/uploads/2025/10/791727622-492205289_1034800048712267_5309738397671176552_n-Large-819x1024.jpeg","791727622 492205289 1034800048712267 5309738397671176552 n Large","5","https://shutter-envy.co.uk/bespoke-arched-window-shutters-shutter-envy-leicestershire/"
"https://shutter-envy.co.uk/wp-content/uploads/2025/10/791727630-492001443_1034799728712299_4398194868688013789_n-Large-819x1024.jpeg","791727630 492001443 1034799728712299 4398194868688013789 n Large","5","https://shutter-envy.co.uk/bespoke-arched-window-shutters-shutter-envy-leicestershire/"
"https://shutter-envy.co.uk/wp-content/uploads/2025/10/791727643-492994671_1034799932045612_924744254860245336_n-Large-819x1024.jpeg","791727643 492994671 1034799932045612 924744254860245336 n Large","5","https://shutter-envy.co.uk/bespoke-arched-window-shutters-shutter-envy-leicestershire/"
"https://shutter-envy.co.uk/wp-content/uploads/2025/10/791727650-492010221_1034800252045580_6588738170356077864_n-Large-819x1024.jpeg","791727650 492010221 1034800252045580 6588738170356077864 n Large","5","https://shutter-envy.co.uk/bespoke-arched-window-shutters-shutter-envy-leicestershire/"
"https://shutter-envy.co.uk/wp-content/uploads/2025/10/791727670-492205870_1034799845378954_5904380556126446477_n-Large-768x960.jpeg","791727670 492205870 1034799845378954 5904380556126446477 n Large","2","https://shutter-envy.co.uk/recent-work/"
"https://shutter-envy.co.uk/wp-content/uploads/2025/10/791727670-492205870_1034799845378954_5904380556126446477_n-Large-819x1024.jpeg","","5","https://shutter-envy.co.uk/bespoke-arched-window-shutters-shutter-envy-leicestershire/"
"https://shutter-envy.co.uk/wp-content/uploads/2025/10/791728748-485611077_1009038771288395_2022411368741097297_n-1024x1024.jpg","791728748 485611077 1009038771288395 2022411368741097297 n","1","https://shutter-envy.co.uk/versatile-tier-on-tier-shutters-shutter-envy-leicestershire/"
"https://shutter-envy.co.uk/wp-content/uploads/2025/10/791728748-485611077_1009038771288395_2022411368741097297_n-Large-1024x1024.jpeg","791728748 485611077 1009038771288395 2022411368741097297 n Large","1","https://shutter-envy.co.uk/versatile-tier-on-tier-shutters-shutter-envy-leicestershire/"
"https://shutter-envy.co.uk/wp-content/uploads/2025/10/791728753-485009890_1009040757954863_684415294911763627_n-1024x1024.jpg","791728753 485009890 1009040757954863 684415294911763627 n","1","https://shutter-envy.co.uk/versatile-tier-on-tier-shutters-shutter-envy-leicestershire/"
"https://shutter-envy.co.uk/wp-content/uploads/2025/10/791728753-485009890_1009040757954863_684415294911763627_n-768x768.jpg","791728753 485009890 1009040757954863 684415294911763627 n","2","https://shutter-envy.co.uk/recent-work/"
"https://shutter-envy.co.uk/wp-content/uploads/2025/10/7e331154-bba6-4136-b75b-3f9e3b503734-1-1024x768.jpg","7e331154 bba6 4136 b75b 3f9e3b503734 1","1","https://shutter-envy.co.uk/elegant-bay-window-shutter-installation-in-stamford/"
"https://shutter-envy.co.uk/wp-content/uploads/2025/10/7e331154-bba6-4136-b75b-3f9e3b503734-1-768x576.jpg","7e331154 bba6 4136 b75b 3f9e3b503734 1","2","https://shutter-envy.co.uk/recent-work/"
"https://shutter-envy.co.uk/wp-content/uploads/2025/10/Happy-Halloween-from-Shutter-Envy-shutters-and-blinds-in-Leicestershire.jpg","Happy Halloween from Shutter Envy shutters and blinds in Leicestershire","1","https://shutter-envy.co.uk/happy-halloween-from-shutter-envy/"
"https://shutter-envy.co.uk/wp-content/uploads/2025/10/Shutter-Envy-Social-Posting-10-1024x1024.jpg","","1","https://shutter-envy.co.uk/dont-get-shutter-struck-your-essential-guide-to-buying-shutters/"
"https://shutter-envy.co.uk/wp-content/uploads/2025/10/Shutter-Envy-Social-Posting-10-768x768.jpg","","1","https://shutter-envy.co.uk/news/page/2/"
"https://shutter-envy.co.uk/wp-content/uploads/2025/10/TrulyBespoke-2880w-1024x768.webp","TrulyBespoke 2880w","1","https://shutter-envy.co.uk/british-made-shutters/"
"https://shutter-envy.co.uk/wp-content/uploads/2025/10/bms-logo-5c5d9790-1920w.webp","bms logo 5c5d9790 1920w","1","https://shutter-envy.co.uk/british-made-shutters/"
"https://shutter-envy.co.uk/wp-content/uploads/2025/10/bypass-768x1024.jpg","bypass","4","https://shutter-envy.co.uk/recent-work/"
"https://shutter-envy.co.uk/wp-content/uploads/2025/10/cosy-winter-shutters-1024x558.jpeg","cosy winter shutters","1","https://shutter-envy.co.uk/beyond-beauty-how-shutters-become-your-homes-winter-fortress/"
"https://shutter-envy.co.uk/wp-content/uploads/2025/10/f90c8823-53d6-49f8-8f89-7d86fbd93ece-1-1024x768.jpg","f90c8823 53d6 49f8 8f89 7d86fbd93ece 1","1","https://shutter-envy.co.uk/stylish-bay-window-shutter-in-burbage/"
"https://shutter-envy.co.uk/wp-content/uploads/2025/10/halloween-from-shutter-envy-shutters-in-leicester-Large-717x1024.jpeg","","1","https://shutter-envy.co.uk/happy-halloween-from-shutter-envy/"
"https://shutter-envy.co.uk/wp-content/uploads/2025/10/halloween-from-shutter-envy-shutters-in-leicester-Large-768x1097.jpeg","","1","https://shutter-envy.co.uk/news/page/2/"
"https://shutter-envy.co.uk/wp-content/uploads/2025/10/new-build-shutters-loughborough-1024x558.jpeg","new build shutters loughborough","2","https://shutter-envy.co.uk/overcoming-common-shutter-challenges-in-new-build-homes/"
"https://shutter-envy.co.uk/wp-content/uploads/2025/10/new-build-shutters-loughborough-768x419.jpeg","","1","https://shutter-envy.co.uk/news/page/2/"
"https://shutter-envy.co.uk/wp-content/uploads/2025/10/shutters-new-and-old-768x768.jpeg","shutters new and old","3","https://shutter-envy.co.uk/recent-work/"
"https://shutter-envy.co.uk/wp-content/uploads/2025/10/shutters-new-and-old.jpeg","shutters new and old","1","https://shutter-envy.co.uk/pairing-bespoke-shutters-with-your-homes-architecture-in-the-east-midlands/"
"https://shutter-envy.co.uk/wp-content/uploads/2025/10/updated-award-specialist.png","updated award specialist","23","https://shutter-envy.co.uk/"
"https://shutter-envy.co.uk/wp-content/uploads/2025/10/winter-shutters-home-leicester-shutters-1024x558.jpeg","winter shutters home leicester shutters","3","https://shutter-envy.co.uk/merry-christmas-from-shutter-envy-2025-26/"
"https://shutter-envy.co.uk/wp-content/uploads/2025/10/winter-shutters-home-leicester-shutters-768x419.jpeg","","2","https://shutter-envy.co.uk/news/"
"https://shutter-envy.co.uk/wp-content/uploads/2025/11/04-Shutter-envy-shutters-in-Market-Harbour-new-install-768x1024.jpg","04 Shutter envy shutters in Market Harbour new install","4","https://shutter-envy.co.uk/recent-work/"
"https://shutter-envy.co.uk/wp-content/uploads/2025/11/Shutter-Envy-Social-Posting-4-768x960.jpg","","8","https://shutter-envy.co.uk/news/"
"https://shutter-envy.co.uk/wp-content/uploads/2025/11/Shutter-Envy-Social-Posting-4-819x1024.jpg","","2","https://shutter-envy.co.uk/what-our-customers-say-recent-success-across-leicestershire/"
"https://shutter-envy.co.uk/wp-content/uploads/2025/11/Shutter-Envy-Social-Posting-6-768x960.jpg","","1","https://shutter-envy.co.uk/news/page/2/"
"https://shutter-envy.co.uk/wp-content/uploads/2025/11/Shutter-Envy-Social-Posting-6-819x1024.jpg","","1","https://shutter-envy.co.uk/why-plantation-shutters-are-perfect-for-winter-in-leicestershire-homes/"
"https://shutter-envy.co.uk/wp-content/uploads/2025/11/Shutters-and-Blinds-in-Leicester-Shutter-Envy-Shutters-Bonfire-Night-et-cetera-Shutter-Envy-1-1024x558.jpeg","Shutters and Blinds in Leicester Shutter Envy Shutters Bonfire Night et cetera Shutter Envy 1","1","https://shutter-envy.co.uk/bonfire-night-bliss-behind-our-shutters/"
"https://shutter-envy.co.uk/wp-content/uploads/2025/11/Shutters-insulation-Leicestershire-home-Kerberfield-1024x558.jpeg","Shutters insulation Leicestershire home Kerberfield","1","https://shutter-envy.co.uk/why-plantation-shutters-are-perfect-for-winter-in-leicestershire-homes/"
"https://shutter-envy.co.uk/wp-content/uploads/2025/11/Window-shutters-in-Leicester-and-Loughborough.-Large-1024x558.jpeg","Window shutters in Leicester and Loughborough. Large","1","https://shutter-envy.co.uk/bonfire-night-bliss-behind-our-shutters/"
"https://shutter-envy.co.uk/wp-content/uploads/2025/11/shutters-in-leicester-shutter-envy-bonfire-night.jpeg","","2","https://shutter-envy.co.uk/bonfire-night-bliss-behind-our-shutters/"
"https://shutter-envy.co.uk/wp-content/uploads/2025/12/Christmas-Plantation-Shutters-in-Leicester-by-Shutter-Envy-five-star-award-winning-shutters-1024x717.jpeg","Christmas Plantation Shutters in Leicester by Shutter Envy five star award winning shutters","1","https://shutter-envy.co.uk/choosing-timeless-shutters-as-a-christmas-gift-to-your-home/"
"https://shutter-envy.co.uk/wp-content/uploads/2025/12/ShutterEnvy-Featured-Image-768x432.jpg","","1","https://shutter-envy.co.uk/news/"
"https://shutter-envy.co.uk/wp-content/uploads/2025/12/ShutterEnvy-Featured-Image.jpg","","1","https://shutter-envy.co.uk/shutter-envy-wins-2026-award-of-excellence/"
"https://shutter-envy.co.uk/wp-content/uploads/2025/12/That-Christmas-gift-plantation-shutters-Leicester-shutter-envy-.png","That Christmas gift plantation shutters Leicester shutter envy","1","https://shutter-envy.co.uk/choosing-timeless-shutters-as-a-christmas-gift-to-your-home/"
"https://shutter-envy.co.uk/wp-content/uploads/2025/12/That-Christmas-gift-plantation-shutters-Leicester-shutter-envy-Large-768x527.jpeg","","1","https://shutter-envy.co.uk/news/"
"https://shutter-envy.co.uk/wp-content/uploads/2025/12/That-Christmas-gift-plantation-shutters-Leicester-shutter-envy-Large.jpeg","","1","https://shutter-envy.co.uk/choosing-timeless-shutters-as-a-christmas-gift-to-your-home/"
"https://shutter-envy.co.uk/wp-content/uploads/2025/12/bedroom-shutters-in-leicester-1024x717.jpeg","bedroom shutters in leicester","2","https://shutter-envy.co.uk/shutters-vs-blackout-blinds-for-noise-which-is-best-for-your-sleep/"
"https://shutter-envy.co.uk/wp-content/uploads/2025/12/shutters-new-build-loughborough-1024x717.jpeg","shutters new build loughborough","2","https://shutter-envy.co.uk/new-year-fresh-home-why-2026-is-the-perfect-time-for-new-shutters/"
"https://shutter-envy.co.uk/wp-content/uploads/2025/12/shutters-new-build-loughborough-768x538.jpeg","","1","https://shutter-envy.co.uk/news/"
"https://shutter-envy.co.uk/wp-content/uploads/2025/12/this-on-Plantation-Shutters-in-Leicester-by-Shutter-Envy-award-winning-shutters-Large.jpeg","this on Plantation Shutters in Leicester by Shutter Envy award winning shutters Large","3","https://shutter-envy.co.uk/are-shutters-better-than-curtains-for-privacy/"
"https://shutter-envy.co.uk/wp-content/uploads/2026/01/2a546933-4407-4714-a56e-bd32a220094b-768x1024.jpg","2a546933 4407 4714 a56e bd32a220094b","1","https://shutter-envy.co.uk/security-meets-style-in-market-harborough-portchester-aluminium-shutters/"
"https://shutter-envy.co.uk/wp-content/uploads/2026/01/9bd374d0-d84c-4f9c-80d5-78792d65487d-768x1024.jpg","9bd374d0 d84c 4f9c 80d5 78792d65487d","1","https://shutter-envy.co.uk/security-meets-style-in-market-harborough-portchester-aluminium-shutters/"
"https://shutter-envy.co.uk/wp-content/uploads/2026/01/Old_Market_Hall_-_Market_Harborough_-_geograph.org_.uk_-_2678304.jpg","","1","https://shutter-envy.co.uk/locations/shutters-market-harborough/"
"https://shutter-envy.co.uk/wp-content/uploads/2026/01/Shutter-Envy-Social-Posting-1-819x1024.jpg","Shutter Envy Social Posting 1","1","https://shutter-envy.co.uk/wood-vs-pvc-shutters-which-is-best-for-winter-warmth-in-loughborough-and-leicester-homes/"
"https://shutter-envy.co.uk/wp-content/uploads/2026/01/Shutter-Envy-Social-Posting-2-768x960.jpg","","1","https://shutter-envy.co.uk/news/"
"https://shutter-envy.co.uk/wp-content/uploads/2026/01/Shutter-Envy-Social-Posting-2-819x1024.jpg","","1","https://shutter-envy.co.uk/wood-vs-pvc-shutters-which-is-best-for-winter-warmth-in-loughborough-and-leicester-homes/"
"https://shutter-envy.co.uk/wp-content/uploads/2026/01/Shutter-Envy-Social-Posting-4-768x960.jpg","","1","https://shutter-envy.co.uk/news/"
"https://shutter-envy.co.uk/wp-content/uploads/2026/01/Shutter-Envy-Social-Posting-4-819x1024.jpg","","1","https://shutter-envy.co.uk/choosing-the-perfect-style-full-height-vs-tier-on-tier-shutters/"
"https://shutter-envy.co.uk/wp-content/uploads/2026/01/d268a86f-90e6-43f0-8ab4-6155adc194ee-1024x768.jpg","d268a86f 90e6 43f0 8ab4 6155adc194ee","1","https://shutter-envy.co.uk/security-meets-style-in-market-harborough-portchester-aluminium-shutters/"
"https://shutter-envy.co.uk/wp-content/uploads/2026/01/f8746096-33ea-45e1-afdc-f92fab94d397-768x1024.jpg","f8746096 33ea 45e1 afdc f92fab94d397","2","https://shutter-envy.co.uk/news/"
"https://shutter-envy.co.uk/wp-content/uploads/2026/01/shutter-envy-full-height-shutters-vs-tier-on-tier-shutters-1-1024x853.webp","shutter envy full height shutters vs tier on tier shutters 1","2","https://shutter-envy.co.uk/how-to-choose-the-right-colour-shutter-for-your-room/"
"https://shutter-envy.co.uk/wp-content/uploads/2026/01/shutter-envy-full-height-shutters-vs-tier-on-tier-shutters-1024x764.webp","shutter envy full height shutters vs tier on tier shutters","1","https://shutter-envy.co.uk/choosing-the-perfect-style-full-height-vs-tier-on-tier-shutters/"
"https://shutter-envy.co.uk/wp-content/uploads/2026/02/626766557_1256657289859874_6341691947029035821_n-1024x1024.jpg","","1","https://shutter-envy.co.uk/shutter-installation-queniborough/"
"https://shutter-envy.co.uk/wp-content/uploads/2026/02/626766557_1256657289859874_6341691947029035821_n-768x768.jpg","","1","https://shutter-envy.co.uk/news/"
"https://shutter-envy.co.uk/wp-content/uploads/2026/02/8233038f-bc63-4323-b066-f715b879083e-Large-1024x717.jpeg","8233038f bc63 4323 b066 f715b879083e Large","1","https://shutter-envy.co.uk/diy-vs-professional-shutter-installation-making-the-right-choice-for-your-home/"
"https://shutter-envy.co.uk/wp-content/uploads/2026/02/8233038f-bc63-4323-b066-f715b879083e-Large-768x538.jpeg","","1","https://shutter-envy.co.uk/news/"
"https://shutter-envy.co.uk/wp-content/uploads/2026/02/Black-Art-Vines-Blinds-Bedroom-Shutter-MV-shutters-blinds-Loughborough-Leicester-768x504.jpeg","","1","https://shutter-envy.co.uk/news/"
"https://shutter-envy.co.uk/wp-content/uploads/2026/02/Black-Art-Vines-Blinds-Bedroom-Shutter-MV-shutters-blinds-Loughborough-Leicester.jpeg","Black Art Vines Blinds Bedroom Shutter MV shutters blinds Loughborough Leicester","1","https://shutter-envy.co.uk/shutters-vs-blackout-blinds-for-noise-which-is-best-for-your-sleep/"
"https://shutter-envy.co.uk/wp-content/uploads/2026/02/Castile-shutters-in-Leicester-1024x687.jpg","Castile shutters in Leicester","1","https://shutter-envy.co.uk/what-are-cafe-style-shutters-and-what-is-the-point-of-them/"
"https://shutter-envy.co.uk/wp-content/uploads/2026/02/Shutter-Envy-Social-Posting-8-819x1024.jpg","Shutter Envy Social Posting 8","1","https://shutter-envy.co.uk/shutters-vs-blackout-blinds-for-noise-which-is-best-for-your-sleep/"
"https://shutter-envy.co.uk/wp-content/uploads/2026/02/b18f0044-f97a-4b6a-bc31-b3102b3a4a74-Large.jpeg","b18f0044 f97a 4b6a bc31 b3102b3a4a74 Large","1","https://shutter-envy.co.uk/how-to-choose-the-right-colour-shutter-for-your-room/"
"https://shutter-envy.co.uk/wp-content/uploads/2026/02/cafe-Style-Shutters-Shutter-Envy-in-Loughborough-1024x765.jpg","cafe Style Shutters Shutter Envy in Loughborough","1","https://shutter-envy.co.uk/what-are-cafe-style-shutters-and-what-is-the-point-of-them/"
"https://shutter-envy.co.uk/wp-content/uploads/2026/02/cafe-Style-Shutters-Shutter-Envy-in-Loughborough-768x573.jpg","","1","https://shutter-envy.co.uk/news/"
"https://shutter-envy.co.uk/wp-content/uploads/2026/02/shutter-envy-768x768.jpeg","","1","https://shutter-envy.co.uk/news/"
"https://shutter-envy.co.uk/wp-content/uploads/2026/02/shutter-envy-colours.jpeg","shutter envy colours","1","https://shutter-envy.co.uk/how-to-choose-the-right-colour-shutter-for-your-room/"
"https://shutter-envy.co.uk/wp-content/uploads/2026/02/shutter-envy.jpeg","shutter envy","1","https://shutter-envy.co.uk/how-to-choose-the-right-colour-shutter-for-your-room/"
"https://shutter-envy.co.uk/wp-content/uploads/2026/02/shutters-leicestershire.jpeg","shutters leicestershire","1","https://shutter-envy.co.uk/how-to-choose-the-right-colour-shutter-for-your-room/"
"https://shutter-envy.co.uk/wp-content/uploads/2026/03/Are-window-shutters-worth-it-Shutter-Envy-shutters-in-Leicester-and-Loughborough-765x1024.jpeg","","1","https://shutter-envy.co.uk/are-window-shutters-worth-it-your-complete-guide-to-cost-value-and-style/"
"https://shutter-envy.co.uk/wp-content/uploads/2026/03/Are-window-shutters-worth-it-Shutter-Envy-shutters-in-Leicester-and-Loughborough-768x1029.jpeg","","1","https://shutter-envy.co.uk/news/"
"https://shutter-envy.co.uk/wp-content/uploads/2026/03/Generated-Image-March-18-2026-12_30PM-Large-1024x571.jpeg","","1","https://shutter-envy.co.uk/shutters-vs-curtains-which-is-right-for-your-home/"
"https://shutter-envy.co.uk/wp-content/uploads/2026/03/Generated-Image-March-18-2026-12_30PM-Large-768x428.jpeg","","1","https://shutter-envy.co.uk/news/"
"https://shutter-envy.co.uk/wp-content/uploads/2026/03/Generated-Image-March-18-2026-12_31PM.jpg","Generated Image March 18 2026 12 31PM","1","https://shutter-envy.co.uk/shutters-vs-curtains-which-is-right-for-your-home/"
"https://shutter-envy.co.uk/wp-content/uploads/2026/03/Generated-Image-March-18-2026-12_36PM-Large.jpeg","Generated Image March 18 2026 12 36PM Large","1","https://shutter-envy.co.uk/shutters-vs-curtains-which-is-right-for-your-home/"
"https://shutter-envy.co.uk/wp-content/uploads/2026/03/Generated-Image-March-18-2026-12_44PM-Large.jpeg","Generated Image March 18 2026 12 44PM Large","1","https://shutter-envy.co.uk/shutters-vs-curtains-which-is-right-for-your-home/"
"https://shutter-envy.co.uk/wp-content/uploads/2026/03/Shutter-companies-in-Leicester-1024x1006.jpeg","","1","https://shutter-envy.co.uk/how-to-choose-a-shutter-specialist-in-leicester-what-to-look-for/"
"https://shutter-envy.co.uk/wp-content/uploads/2026/03/Shutter-companies-in-Leicester-768x754.jpeg","","1","https://shutter-envy.co.uk/news/"
"https://shutter-envy.co.uk/wp-content/uploads/2026/03/do-shutters-deter-burglars-Shutter-envy-get-your-shutters-in-Leicester-Large-1024x644.jpeg","do shutters deter burglars Shutter envy get your shutters in Leicester Large","1","https://shutter-envy.co.uk/are-window-shutters-worth-it-your-complete-guide-to-cost-value-and-style/"
"https://shutter-envy.co.uk/wp-content/uploads/2026/04/01-Shutter-Envy-shutters-in-Loughbray-and-Leicester--1024x571.jpeg","01 Shutter Envy shutters in Loughbray and Leicester","1","https://shutter-envy.co.uk/how-much-do-plantation-shutters-cost-a-complete-uk-price-guide/"
"https://shutter-envy.co.uk/wp-content/uploads/2026/04/03-Shutter-Envy-shutters-in-Loughbray-and-Leicester--1024x571.jpeg","03 Shutter Envy shutters in Loughbray and Leicester","1","https://shutter-envy.co.uk/how-much-do-plantation-shutters-cost-a-complete-uk-price-guide/"
"https://shutter-envy.co.uk/wp-content/uploads/2026/04/05-Shutter-Envy-shutters-in-Loughbray-and-Leicester--1024x571.jpeg","05 Shutter Envy shutters in Loughbray and Leicester","1","https://shutter-envy.co.uk/how-much-do-plantation-shutters-cost-a-complete-uk-price-guide/"
"https://shutter-envy.co.uk/wp-content/uploads/2026/04/05-Shutter-Envy-shutters-in-Loughbray-and-Leicester--768x428.jpeg","","83","https://shutter-envy.co.uk/news/"
"https://shutter-envy.co.uk/wp-content/uploads/2026/04/Are-shutters-better-than-curtains-for-privacy-Large-1024x571.jpeg","Are shutters better than curtains for privacy Large","1","https://shutter-envy.co.uk/are-shutters-better-than-curtains-for-privacy/"
"https://shutter-envy.co.uk/wp-content/uploads/2026/04/Are-shutters-easy-to-maintain-Large-1024x571.jpeg","Are shutters easy to maintain Large","1","https://shutter-envy.co.uk/are-shutters-better-than-curtains-for-privacy/"
"https://shutter-envy.co.uk/wp-content/uploads/2026/04/Automotive-Blinds-in-Loughborough-ShutterEnvy.jpeg","Modern automated blind installation in Loughborough","1","https://shutter-envy.co.uk/modern-shutter-installations-in-charnwood-what-to-expect/"
"https://shutter-envy.co.uk/wp-content/uploads/2026/04/Bay-window-shutters-in-Loughborough-1024x571.jpeg","","1","https://shutter-envy.co.uk/modern-shutter-installations-in-charnwood-what-to-expect/"
"https://shutter-envy.co.uk/wp-content/uploads/2026/04/Bay-window-shutters-in-Loughborough-768x428.jpeg","Bay window shutters in Loughborough","84","https://shutter-envy.co.uk/"
"https://shutter-envy.co.uk/wp-content/uploads/2026/04/Bay-window-shutters-in-Loughborough.jpeg","Precision fitted bay window shutters in Loughborough","1","https://shutter-envy.co.uk/modern-shutter-installations-in-charnwood-what-to-expect/"
"https://shutter-envy.co.uk/wp-content/uploads/2026/04/ChatGPT-Image-Apr-23-2026-04_26_59-PM-1024x683.jpeg","ChatGPT Image Apr 23 2026 04 26 59 PM","1","https://shutter-envy.co.uk/plantation-shutters-in-loughborough-why-local-homeowners-are-choosing-shutter-envy/"
"https://shutter-envy.co.uk/wp-content/uploads/2026/04/ChatGPT-Image-Apr-23-2026-04_35_04-PM-1024x683.png","ChatGPT Image Apr 23 2026 04 35 04 PM","1","https://shutter-envy.co.uk/plantation-shutters-in-loughborough-why-local-homeowners-are-choosing-shutter-envy/"
"https://shutter-envy.co.uk/wp-content/uploads/2026/04/ChatGPT-Image-Apr-23-2026-04_37_13-PM-1024x683.jpeg","","1","https://shutter-envy.co.uk/plantation-shutters-in-loughborough-why-local-homeowners-are-choosing-shutter-envy/"
"https://shutter-envy.co.uk/wp-content/uploads/2026/04/ChatGPT-Image-Apr-23-2026-04_37_13-PM-768x512.jpeg","ChatGPT Image Apr 23 2026 04 37 13 PM","84","https://shutter-envy.co.uk/"
"https://shutter-envy.co.uk/wp-content/uploads/2026/04/How-do-curtains-compare-for-privacy-1024x571.jpeg","How do curtains compare for privacy","1","https://shutter-envy.co.uk/are-shutters-better-than-curtains-for-privacy/"
"https://shutter-envy.co.uk/wp-content/uploads/2026/04/Lovebrush-Shutters-Shutter-and-Vain.jpeg","Elegant plantation shutters installed in a modern Charnwood home","1","https://shutter-envy.co.uk/modern-shutter-installations-in-charnwood-what-to-expect/"
"https://shutter-envy.co.uk/wp-content/uploads/2026/04/R-shutter-is-better-for-street-facing-rooms-Large-1024x571.jpeg","R shutter is better for street facing rooms Large","1","https://shutter-envy.co.uk/are-shutters-better-than-curtains-for-privacy/"
"https://shutter-envy.co.uk/wp-content/uploads/2026/04/When-are-curtains-the-better-choice-Large-1024x571.jpeg","When are curtains the better choice Large","1","https://shutter-envy.co.uk/are-shutters-better-than-curtains-for-privacy/"
"https://shutter-envy.co.uk/wp-content/uploads/2026/04/Which-shutter-options-suit-different-home-styles-1024x571.jpeg","Which shutter options suit different home styles","1","https://shutter-envy.co.uk/are-shutters-better-than-curtains-for-privacy/"
"https://shutter-envy.co.uk/wp-content/uploads/2026/04/Which-shutter-options-suit-different-home-styles-768x428.jpeg","","83","https://shutter-envy.co.uk/news/"
"https://shutter-envy.co.uk/wp-content/uploads/2026/04/faux-wood-shutter-louvre-close-up-1024x571.jpeg","faux wood shutter louvre close up","2","https://shutter-envy.co.uk/plantation-shutters-in-loughborough-why-local-homeowners-are-choosing-shutter-envy/"
"https://shutter-envy.co.uk/wp-content/uploads/2026/04/faux-wood-shutters-kitchen-window-uk-1024x571.jpeg","faux wood shutters kitchen window uk","1","https://shutter-envy.co.uk/are-faux-wood-shutters-any-good-durability-cost-honest-verdict/"
"https://shutter-envy.co.uk/wp-content/uploads/2026/04/faux-wood-shutters-kitchen-window-uk-768x428.jpeg","","83","https://shutter-envy.co.uk/news/"
"https://shutter-envy.co.uk/wp-content/uploads/2026/04/faux-wood-vs-real-wood-shutter-comparison-1024x571.jpeg","faux wood vs real wood shutter comparison","1","https://shutter-envy.co.uk/are-faux-wood-shutters-any-good-durability-cost-honest-verdict/"
"https://shutter-envy.co.uk/wp-content/uploads/2026/05/01-shutter-envy-1024x571.jpeg","","1","https://shutter-envy.co.uk/shutters-in-leicester-prices-timelines-quote-checklist/"
"https://shutter-envy.co.uk/wp-content/uploads/2026/05/01-shutter-envy-768x428.jpeg","01 shutter envy","84","https://shutter-envy.co.uk/"
"https://shutter-envy.co.uk/wp-content/uploads/2026/05/01-shutter-envy.jpeg","Lovely shutters installed in a living room","1","https://shutter-envy.co.uk/shutters-in-leicester-prices-timelines-quote-checklist/"
"https://shutter-envy.co.uk/wp-content/uploads/2026/05/02-shutter-envy.jpeg","Checklist for choosing high quality shutters","1","https://shutter-envy.co.uk/shutters-in-leicester-prices-timelines-quote-checklist/"
"https://shutter-envy.co.uk/wp-content/uploads/2026/05/03-shutter-envy.jpeg","General view of high quality shutters","1","https://shutter-envy.co.uk/shutters-in-leicester-prices-timelines-quote-checklist/"
"https://www.facebook.com/tr?id=1214905783001306&ev=PageView&noscript=1&cd%5Bpage_title%5D=About&cd%5Bpost_type%5D=page&cd%5Bpost_id%5D=82&cd%5Bplugin%5D=PixelYourSite&cd%5Buser_role%5D=guest&cd%5Bevent_url%5D=shutter-envy.co.uk%2Fabout%2F","","1","https://shutter-envy.co.uk/about/"
"https://www.facebook.com/tr?id=1214905783001306&ev=PageView&noscript=1&cd%5Bpage_title%5D=Archives%3A+%3Cspan%3ELocations%3C%2Fspan%3E&cd%5Bpost_type%5D=archive&cd%5Bplugin%5D=PixelYourSite&cd%5Buser_role%5D=guest&cd%5Bevent_url%5D=shutter-envy.co.uk%2Flocations%2F","","1","https://shutter-envy.co.uk/locations/"
"https://www.facebook.com/tr?id=1214905783001306&ev=PageView&noscript=1&cd%5Bpage_title%5D=Awnings&cd%5Bpost_type%5D=page&cd%5Bpost_id%5D=79&cd%5Bplugin%5D=PixelYourSite&cd%5Buser_role%5D=guest&cd%5Bevent_url%5D=shutter-envy.co.uk%2Fawnings%2F","","1","https://shutter-envy.co.uk/awnings/"
"https://www.facebook.com/tr?id=1214905783001306&ev=PageView&noscript=1&cd%5Bpage_title%5D=Barrow+upon+Soar&cd%5Bpost_type%5D=locations&cd%5Bpost_id%5D=858&cd%5Bplugin%5D=PixelYourSite&cd%5Buser_role%5D=guest&cd%5Bevent_url%5D=shutter-envy.co.uk%2Flocations%2Fshutters-in-barrow-upon-soar%2F","","1","https://shutter-envy.co.uk/locations/shutters-in-barrow-upon-soar/"
"https://www.facebook.com/tr?id=1214905783001306&ev=PageView&noscript=1&cd%5Bpage_title%5D=Birstall&cd%5Bpost_type%5D=locations&cd%5Bpost_id%5D=860&cd%5Bplugin%5D=PixelYourSite&cd%5Buser_role%5D=guest&cd%5Bevent_url%5D=shutter-envy.co.uk%2Flocations%2Fshutters-birstall%2F","","1","https://shutter-envy.co.uk/locations/shutters-birstall/"
"https://www.facebook.com/tr?id=1214905783001306&ev=PageView&noscript=1&cd%5Bpage_title%5D=Blind+Motorisation&cd%5Bpost_type%5D=page&cd%5Bpost_id%5D=820&cd%5Bplugin%5D=PixelYourSite&cd%5Buser_role%5D=guest&cd%5Bevent_url%5D=shutter-envy.co.uk%2Fblind-motorisation%2F","","1","https://shutter-envy.co.uk/blind-motorisation/"
"https://www.facebook.com/tr?id=1214905783001306&ev=PageView&noscript=1&cd%5Bpage_title%5D=British+Made+Shutters&cd%5Bpost_type%5D=page&cd%5Bpost_id%5D=2266&cd%5Bplugin%5D=PixelYourSite&cd%5Buser_role%5D=guest&cd%5Bevent_url%5D=shutter-envy.co.uk%2Fbritish-made-shutters%2F","","1","https://shutter-envy.co.uk/british-made-shutters/"
"https://www.facebook.com/tr?id=1214905783001306&ev=PageView&noscript=1&cd%5Bpage_title%5D=Colour+Swatches&cd%5Bpost_type%5D=page&cd%5Bpost_id%5D=2049&cd%5Bplugin%5D=PixelYourSite&cd%5Buser_role%5D=guest&cd%5Bevent_url%5D=shutter-envy.co.uk%2Four-shutters%2Fcolour-swatches%2F","","1","https://shutter-envy.co.uk/our-shutters/colour-swatches/"
"https://www.facebook.com/tr?id=1214905783001306&ev=PageView&noscript=1&cd%5Bpage_title%5D=Contact&cd%5Bpost_type%5D=page&cd%5Bpost_id%5D=88&cd%5Bplugin%5D=PixelYourSite&cd%5Buser_role%5D=guest&cd%5Bevent_url%5D=shutter-envy.co.uk%2Fcontact%2F","","1","https://shutter-envy.co.uk/contact/"
"https://www.facebook.com/tr?id=1214905783001306&ev=PageView&noscript=1&cd%5Bpage_title%5D=Groby&cd%5Bpost_type%5D=locations&cd%5Bpost_id%5D=866&cd%5Bplugin%5D=PixelYourSite&cd%5Buser_role%5D=guest&cd%5Bevent_url%5D=shutter-envy.co.uk%2Flocations%2Fshutters-groby%2F","","1","https://shutter-envy.co.uk/locations/shutters-groby/"
"https://www.facebook.com/tr?id=1214905783001306&ev=PageView&noscript=1&cd%5Bpage_title%5D=Home&cd%5Bpost_type%5D=page&cd%5Bpost_id%5D=10&cd%5Bplugin%5D=PixelYourSite&cd%5Buser_role%5D=guest&cd%5Bevent_url%5D=shutter-envy.co.uk%2F","","1","https://shutter-envy.co.uk/"
"https://www.facebook.com/tr?id=1214905783001306&ev=PageView&noscript=1&cd%5Bpage_title%5D=Leicester&cd%5Bpost_type%5D=locations&cd%5Bpost_id%5D=883&cd%5Bplugin%5D=PixelYourSite&cd%5Buser_role%5D=guest&cd%5Bevent_url%5D=shutter-envy.co.uk%2Flocations%2Fshutters-in-leicester%2F","","1","https://shutter-envy.co.uk/locations/shutters-in-leicester/"
"https://www.facebook.com/tr?id=1214905783001306&ev=PageView&noscript=1&cd%5Bpage_title%5D=Loughborough&cd%5Bpost_type%5D=locations&cd%5Bpost_id%5D=882&cd%5Bplugin%5D=PixelYourSite&cd%5Buser_role%5D=guest&cd%5Bevent_url%5D=shutter-envy.co.uk%2Flocations%2Fshutters-in-loughborough%2F","","1","https://shutter-envy.co.uk/locations/shutters-in-loughborough/"
"https://www.facebook.com/tr?id=1214905783001306&ev=PageView&noscript=1&cd%5Bpage_title%5D=Market+Harborough&cd%5Bpost_type%5D=locations&cd%5Bpost_id%5D=2482&cd%5Bplugin%5D=PixelYourSite&cd%5Buser_role%5D=guest&cd%5Bevent_url%5D=shutter-envy.co.uk%2Flocations%2Fshutters-market-harborough%2F","","1","https://shutter-envy.co.uk/locations/shutters-market-harborough/"
"https://www.facebook.com/tr?id=1214905783001306&ev=PageView&noscript=1&cd%5Bpage_title%5D=Melton+Mowbray&cd%5Bpost_type%5D=locations&cd%5Bpost_id%5D=1471&cd%5Bplugin%5D=PixelYourSite&cd%5Buser_role%5D=guest&cd%5Bevent_url%5D=shutter-envy.co.uk%2Flocations%2Fshutters-melton-mowbray%2F","","1","https://shutter-envy.co.uk/locations/shutters-melton-mowbray/"
"https://www.facebook.com/tr?id=1214905783001306&ev=PageView&noscript=1&cd%5Bpage_title%5D=Our+Blinds&cd%5Bpost_type%5D=page&cd%5Bpost_id%5D=515&cd%5Bplugin%5D=PixelYourSite&cd%5Buser_role%5D=guest&cd%5Bevent_url%5D=shutter-envy.co.uk%2Four-blinds%2F","","1","https://shutter-envy.co.uk/our-blinds/"
"https://www.facebook.com/tr?id=1214905783001306&ev=PageView&noscript=1&cd%5Bpage_title%5D=Our+Shutters&cd%5Bpost_type%5D=page&cd%5Bpost_id%5D=401&cd%5Bplugin%5D=PixelYourSite&cd%5Buser_role%5D=guest&cd%5Bevent_url%5D=shutter-envy.co.uk%2Four-shutters%2F","","3","https://shutter-envy.co.uk/our-shutters/"
"https://www.facebook.com/tr?id=1214905783001306&ev=PageView&noscript=1&cd%5Bpage_title%5D=Portchester%C2%AE+Aluminium+Shutters+%E2%80%93+Secure+in+Style+Across+Leicester+%26+Leicestershire&cd%5Bpost_type%5D=page&cd%5Bpost_id%5D=1554&cd%5Bplugin%5D=PixelYourSite&cd%5Buser_role%5D=guest&cd%5Bevent_url%5D=shutter-envy.co.uk%2Fportchester-aluminium-shutters-leicester%2F","","1","https://shutter-envy.co.uk/portchester-aluminium-shutters-leicester/"
"https://www.facebook.com/tr?id=1214905783001306&ev=PageView&noscript=1&cd%5Bpage_title%5D=Privacy&cd%5Bpost_type%5D=page&cd%5Bpost_id%5D=1330&cd%5Bplugin%5D=PixelYourSite&cd%5Buser_role%5D=guest&cd%5Bevent_url%5D=shutter-envy.co.uk%2Fprivacy%2F","","1","https://shutter-envy.co.uk/privacy/"
"https://www.facebook.com/tr?id=1214905783001306&ev=PageView&noscript=1&cd%5Bpage_title%5D=Privacy&cd%5Bpost_type%5D=page&cd%5Bpost_id%5D=2259&cd%5Bplugin%5D=PixelYourSite&cd%5Buser_role%5D=guest&cd%5Bevent_url%5D=shutter-envy.co.uk%2Fprivacy-2%2F","","1","https://shutter-envy.co.uk/privacy-2/"
"https://www.facebook.com/tr?id=1214905783001306&ev=PageView&noscript=1&cd%5Bpage_title%5D=Quorn&cd%5Bpost_type%5D=locations&cd%5Bpost_id%5D=855&cd%5Bplugin%5D=PixelYourSite&cd%5Buser_role%5D=guest&cd%5Bevent_url%5D=shutter-envy.co.uk%2Flocations%2Fshutters-in-quorn%2F","","1","https://shutter-envy.co.uk/locations/shutters-in-quorn/"
"https://www.facebook.com/tr?id=1214905783001306&ev=PageView&noscript=1&cd%5Bpage_title%5D=Recent+Work&cd%5Bpost_type%5D=page&cd%5Bpost_id%5D=2164&cd%5Bplugin%5D=PixelYourSite&cd%5Buser_role%5D=guest&cd%5Bevent_url%5D=shutter-envy.co.uk%2Frecent-work%2F","","1","https://shutter-envy.co.uk/recent-work/"
"https://www.facebook.com/tr?id=1214905783001306&ev=PageView&noscript=1&cd%5Bpage_title%5D=Reviews&cd%5Bpost_type%5D=page&cd%5Bpost_id%5D=81&cd%5Bplugin%5D=PixelYourSite&cd%5Buser_role%5D=guest&cd%5Bevent_url%5D=shutter-envy.co.uk%2Freviews%2F","","1","https://shutter-envy.co.uk/reviews/"
"https://www.facebook.com/tr?id=1214905783001306&ev=PageView&noscript=1&cd%5Bpage_title%5D=Rothley&cd%5Bpost_type%5D=locations&cd%5Bpost_id%5D=856&cd%5Bplugin%5D=PixelYourSite&cd%5Buser_role%5D=guest&cd%5Bevent_url%5D=shutter-envy.co.uk%2Flocations%2Fshutters-in-rothley%2F","","1","https://shutter-envy.co.uk/locations/shutters-in-rothley/"
"https://www.facebook.com/tr?id=1214905783001306&ev=PageView&noscript=1&cd%5Bpage_title%5D=Shutters+in+Charnwood&cd%5Bpost_type%5D=locations&cd%5Bpost_id%5D=880&cd%5Bplugin%5D=PixelYourSite&cd%5Buser_role%5D=guest&cd%5Bevent_url%5D=shutter-envy.co.uk%2Flocations%2Fshutters-in-charnwood%2F","","1","https://shutter-envy.co.uk/locations/shutters-in-charnwood/"
"https://www.facebook.com/tr?id=1214905783001306&ev=PageView&noscript=1&cd%5Bpage_title%5D=Sileby&cd%5Bpost_type%5D=locations&cd%5Bpost_id%5D=869&cd%5Bplugin%5D=PixelYourSite&cd%5Buser_role%5D=guest&cd%5Bevent_url%5D=shutter-envy.co.uk%2Flocations%2Fshutters-sileby%2F","","1","https://shutter-envy.co.uk/locations/shutters-sileby/"
"https://www.facebook.com/tr?id=1214905783001306&ev=PageView&noscript=1&cd%5Bpage_title%5D=Site+Map&cd%5Bpost_type%5D=page&cd%5Bpost_id%5D=1448&cd%5Bplugin%5D=PixelYourSite&cd%5Buser_role%5D=guest&cd%5Bevent_url%5D=shutter-envy.co.uk%2Fsite-map%2F","","1","https://shutter-envy.co.uk/site-map/"
"https://www.facebook.com/tr?id=1214905783001306&ev=PageView&noscript=1&cd%5Bpage_title%5D=Syston&cd%5Bpost_type%5D=locations&cd%5Bpost_id%5D=861&cd%5Bplugin%5D=PixelYourSite&cd%5Buser_role%5D=guest&cd%5Bevent_url%5D=shutter-envy.co.uk%2Flocations%2Fshutters-in-syston%2F","","1","https://shutter-envy.co.uk/locations/shutters-in-syston/"
"https://www.facebook.com/tr?id=1214905783001306&ev=PageView&noscript=1&cd%5Bpage_title%5D=Terms&cd%5Bpost_type%5D=page&cd%5Bpost_id%5D=1336&cd%5Bplugin%5D=PixelYourSite&cd%5Buser_role%5D=guest&cd%5Bevent_url%5D=shutter-envy.co.uk%2Fterms%2F","","1","https://shutter-envy.co.uk/terms/"
"https://www.facebook.com/tr?id=1214905783001306&ev=PageView&noscript=1&cd%5Bpost_category%5D=Awnings%2C+Blinds%2C+Shutters&cd%5Bpage_title%5D=Summer+Shade%3A+Stay+Cool+with+Smart+Window+Coverings&cd%5Bpost_type%5D=post&cd%5Bpost_id%5D=1836&cd%5Bplugin%5D=PixelYourSite&cd%5Buser_role%5D=guest&cd%5Bevent_url%5D=shutter-envy.co.uk%2Fsummer-shade-stay-cool-with-smart-window-coverings%2F","","1","https://shutter-envy.co.uk/summer-shade-stay-cool-with-smart-window-coverings/"
"https://www.facebook.com/tr?id=1214905783001306&ev=PageView&noscript=1&cd%5Bpost_category%5D=Awnings&cd%5Bpage_title%5D=Outdoor+Living%3A+Add+Style+and+Shade+with+Our+Awnings&cd%5Bpost_type%5D=post&cd%5Bpost_id%5D=1822&cd%5Bplugin%5D=PixelYourSite&cd%5Buser_role%5D=guest&cd%5Bevent_url%5D=shutter-envy.co.uk%2Foutdoor-living-add-style-and-shade-with-our-awnings%2F","","1","https://shutter-envy.co.uk/outdoor-living-add-style-and-shade-with-our-awnings/"
"https://www.facebook.com/tr?id=1214905783001306&ev=PageView&noscript=1&cd%5Bpost_category%5D=Blinds%2C+Products&cd%5Bpage_title%5D=The+Benefits+of+Motorised+Blinds%3A+Convenience%2C+Style%2C+and+Smart+Home+Integration&cd%5Bpost_type%5D=post&cd%5Bpost_id%5D=260&cd%5Bplugin%5D=PixelYourSite&cd%5Buser_role%5D=guest&cd%5Bevent_url%5D=shutter-envy.co.uk%2Fthe-benefits-of-motorised-blinds-convenience-style-and-smart-home-integration%2F","","1","https://shutter-envy.co.uk/the-benefits-of-motorised-blinds-convenience-style-and-smart-home-integration/"
"https://www.facebook.com/tr?id=1214905783001306&ev=PageView&noscript=1&cd%5Bpost_category%5D=Blinds%2C+Shutters&cd%5Bpage_title%5D=Shutters+vs+Blackout+Blinds+for+Noise%3A+Which+is+Best+for+Your+Sleep%3F&cd%5Bpost_type%5D=post&cd%5Bpost_id%5D=2520&cd%5Bplugin%5D=PixelYourSite&cd%5Buser_role%5D=guest&cd%5Bevent_url%5D=shutter-envy.co.uk%2Fshutters-vs-blackout-blinds-for-noise-which-is-best-for-your-sleep%2F","","1","https://shutter-envy.co.uk/shutters-vs-blackout-blinds-for-noise-which-is-best-for-your-sleep/"
"https://www.facebook.com/tr?id=1214905783001306&ev=PageView&noscript=1&cd%5Bpost_category%5D=Blinds%2C+Shutters&cd%5Bpage_title%5D=The+Shutter+Envy+Process+%E2%80%93+From+Survey+to+Installation&cd%5Bpost_type%5D=post&cd%5Bpost_id%5D=1896&cd%5Bplugin%5D=PixelYourSite&cd%5Buser_role%5D=guest&cd%5Bevent_url%5D=shutter-envy.co.uk%2Fthe-shutter-envy-process-from-survey-to-installation%2F","","1","https://shutter-envy.co.uk/the-shutter-envy-process-from-survey-to-installation/"
"https://www.facebook.com/tr?id=1214905783001306&ev=PageView&noscript=1&cd%5Bpost_category%5D=Blinds%2C+Shutters&cd%5Bpage_title%5D=Why+Choose+a+Local+Business+Like+Shutter+Envy+Over+Big+Online+Retailers%3F&cd%5Bpost_type%5D=post&cd%5Bpost_id%5D=1929&cd%5Bplugin%5D=PixelYourSite&cd%5Buser_role%5D=guest&cd%5Bevent_url%5D=shutter-envy.co.uk%2Fleicester-shutters-and-blinds-transform-your-home-with-style-and-innovation%2F","","1","https://shutter-envy.co.uk/leicester-shutters-and-blinds-transform-your-home-with-style-and-innovation/"
"https://www.facebook.com/tr?id=1214905783001306&ev=PageView&noscript=1&cd%5Bpost_category%5D=Blinds%2C+Shutters&cd%5Bpage_title%5D=Why+Measuring+Yourself+Can+Be+a+Costly+Mistake&cd%5Bpost_type%5D=post&cd%5Bpost_id%5D=2009&cd%5Bplugin%5D=PixelYourSite&cd%5Buser_role%5D=guest&cd%5Bevent_url%5D=shutter-envy.co.uk%2Fwhy-measuring-yourself-can-be-a-costly-mistake%2F","","1","https://shutter-envy.co.uk/why-measuring-yourself-can-be-a-costly-mistake/"
"https://www.facebook.com/tr?id=1214905783001306&ev=PageView&noscript=1&cd%5Bpost_category%5D=Blinds%2C+Shutters&cd%5Bpage_title%5D=Window+Blinds+vs+Shutters%3A+Which+Is+Right+for+Your+Home%3F&cd%5Bpost_type%5D=post&cd%5Bpost_id%5D=1776&cd%5Bplugin%5D=PixelYourSite&cd%5Buser_role%5D=guest&cd%5Bevent_url%5D=shutter-envy.co.uk%2Fwindow-blinds-vs-shutters-which-is-right-for-your-home%2F","","1","https://shutter-envy.co.uk/window-blinds-vs-shutters-which-is-right-for-your-home/"
"https://www.facebook.com/tr?id=1214905783001306&ev=PageView&noscript=1&cd%5Bpost_category%5D=Blinds&cd%5Bpage_title%5D=Automated+Blinds%3A+The+Smart+Way+to+Add+Comfort+to+Your+Home&cd%5Bpost_type%5D=post&cd%5Bpost_id%5D=1940&cd%5Bplugin%5D=PixelYourSite&cd%5Buser_role%5D=guest&cd%5Bevent_url%5D=shutter-envy.co.uk%2Fautomated-blinds-the-smart-way-to-add-comfort-to-your-home%2F","","1","https://shutter-envy.co.uk/automated-blinds-the-smart-way-to-add-comfort-to-your-home/"
"https://www.facebook.com/tr?id=1214905783001306&ev=PageView&noscript=1&cd%5Bpost_category%5D=Blinds&cd%5Bpage_title%5D=Automated+Blinds+for+Bifold+Doors%3A+Stylish%2C+Smart+%26+Practical&cd%5Bpost_type%5D=post&cd%5Bpost_id%5D=2003&cd%5Bplugin%5D=PixelYourSite&cd%5Buser_role%5D=guest&cd%5Bevent_url%5D=shutter-envy.co.uk%2Fautomated-blinds-for-bifold-doors-stylish-smart-practical%2F","","1","https://shutter-envy.co.uk/automated-blinds-for-bifold-doors-stylish-smart-practical/"
"https://www.facebook.com/tr?id=1214905783001306&ev=PageView&noscript=1&cd%5Bpost_category%5D=Blinds&cd%5Bpage_title%5D=Portchester+Aluminium+Shutters+%E2%80%93+The+Ultimate+Security+%26+Style+Solution+for+Your+Home&cd%5Bpost_type%5D=post&cd%5Bpost_id%5D=1676&cd%5Bplugin%5D=PixelYourSite&cd%5Buser_role%5D=guest&cd%5Bevent_url%5D=shutter-envy.co.uk%2Fportchester-aluminium-shutters-the-ultimate-security-style-solution-for-your-home%2F","","1","https://shutter-envy.co.uk/portchester-aluminium-shutters-the-ultimate-security-style-solution-for-your-home/"
"https://www.facebook.com/tr?id=1214905783001306&ev=PageView&noscript=1&cd%5Bpost_category%5D=Business+Updates%2C+Shutters&cd%5Bpage_title%5D=What+happens+during+a+shutter+installation%3F+A+look+behind+the+scenes&cd%5Bpost_type%5D=post&cd%5Bpost_id%5D=2023&cd%5Bplugin%5D=PixelYourSite&cd%5Buser_role%5D=guest&cd%5Bevent_url%5D=shutter-envy.co.uk%2Fwhat-happens-during-a-shutter-installation-a-look-behind-the-scenes%2F","","1","https://shutter-envy.co.uk/what-happens-during-a-shutter-installation-a-look-behind-the-scenes/"
"https://www.facebook.com/tr?id=1214905783001306&ev=PageView&noscript=1&cd%5Bpost_category%5D=Business+Updates&cd%5Bpage_title%5D=Meet+Kerry+%E2%80%93+Our+New+Shutter+Envy+Surveyor%21&cd%5Bpost_type%5D=post&cd%5Bpost_id%5D=1950&cd%5Bplugin%5D=PixelYourSite&cd%5Buser_role%5D=guest&cd%5Bevent_url%5D=shutter-envy.co.uk%2Fmeet-kerry-our-new-shutter-envy-surveyor%2F","","1","https://shutter-envy.co.uk/meet-kerry-our-new-shutter-envy-surveyor/"
"https://www.facebook.com/tr?id=1214905783001306&ev=PageView&noscript=1&cd%5Bpost_category%5D=Business+Updates&cd%5Bpage_title%5D=Merry+Christmas+from+Shutter+Envy+2025%2F26&cd%5Bpost_type%5D=post&cd%5Bpost_id%5D=2439&cd%5Bplugin%5D=PixelYourSite&cd%5Buser_role%5D=guest&cd%5Bevent_url%5D=shutter-envy.co.uk%2Fmerry-christmas-from-shutter-envy-2025-26%2F","","1","https://shutter-envy.co.uk/merry-christmas-from-shutter-envy-2025-26/"
"https://www.facebook.com/tr?id=1214905783001306&ev=PageView&noscript=1&cd%5Bpost_category%5D=Business+Updates&cd%5Bpage_title%5D=New+website+for+Shutter+Envy&cd%5Bpost_type%5D=post&cd%5Bpost_id%5D=1269&cd%5Bplugin%5D=PixelYourSite&cd%5Buser_role%5D=guest&cd%5Bevent_url%5D=shutter-envy.co.uk%2Fnew-website-for-shutter-envy%2F","","1","https://shutter-envy.co.uk/new-website-for-shutter-envy/"
"https://www.facebook.com/tr?id=1214905783001306&ev=PageView&noscript=1&cd%5Bpost_category%5D=Portchester%C2%AE+Aluminium+Shutters%2C+Shutters&cd%5Bpage_title%5D=Security+Meets+Style+in+Market+Harborough%3A+Portchester+Aluminium+Shutters&cd%5Bpost_type%5D=post&cd%5Bpost_id%5D=2465&cd%5Bplugin%5D=PixelYourSite&cd%5Buser_role%5D=guest&cd%5Bevent_url%5D=shutter-envy.co.uk%2Fsecurity-meets-style-in-market-harborough-portchester-aluminium-shutters%2F","","1","https://shutter-envy.co.uk/security-meets-style-in-market-harborough-portchester-aluminium-shutters/"
"https://www.facebook.com/tr?id=1214905783001306&ev=PageView&noscript=1&cd%5Bpost_category%5D=Products%2C+Shutters&cd%5Bpage_title%5D=How+to+Choose+a+Shutter+Specialist+in+Leicester%3A+What+to+Look+For&cd%5Bpost_type%5D=post&cd%5Bpost_id%5D=2598&cd%5Bplugin%5D=PixelYourSite&cd%5Buser_role%5D=guest&cd%5Bevent_url%5D=shutter-envy.co.uk%2Fhow-to-choose-a-shutter-specialist-in-leicester-what-to-look-for%2F","","1","https://shutter-envy.co.uk/how-to-choose-a-shutter-specialist-in-leicester-what-to-look-for/"
"https://www.facebook.com/tr?id=1214905783001306&ev=PageView&noscript=1&cd%5Bpost_category%5D=Products%2C+Shutters&cd%5Bpage_title%5D=Transforming+Your+Home%E2%80%99s+Curb+Appeal+with+Custom+Shutters&cd%5Bpost_type%5D=post&cd%5Bpost_id%5D=263&cd%5Bplugin%5D=PixelYourSite&cd%5Buser_role%5D=guest&cd%5Bevent_url%5D=shutter-envy.co.uk%2Ftransforming-your-homes-curb-appeal-with-custom-shutters%2F","","1","https://shutter-envy.co.uk/transforming-your-homes-curb-appeal-with-custom-shutters/"
"https://www.facebook.com/tr?id=1214905783001306&ev=PageView&noscript=1&cd%5Bpost_category%5D=Products%2C+Shutters&cd%5Bpage_title%5D=What+Are+Cafe+Style+Shutters+and+What+Is+the+Point+of+Them%3F&cd%5Bpost_type%5D=post&cd%5Bpost_id%5D=2569&cd%5Bplugin%5D=PixelYourSite&cd%5Buser_role%5D=guest&cd%5Bevent_url%5D=shutter-envy.co.uk%2Fwhat-are-cafe-style-shutters-and-what-is-the-point-of-them%2F","","1","https://shutter-envy.co.uk/what-are-cafe-style-shutters-and-what-is-the-point-of-them/"
"https://www.facebook.com/tr?id=1214905783001306&ev=PageView&noscript=1&cd%5Bpost_category%5D=Products%2C+Shutters&cd%5Bpage_title%5D=Why+Loughborough+Homeowners+Love+Our+Bespoke+Shutters&cd%5Bpost_type%5D=post&cd%5Bpost_id%5D=1734&cd%5Bplugin%5D=PixelYourSite&cd%5Buser_role%5D=guest&cd%5Bevent_url%5D=shutter-envy.co.uk%2Fwhy-loughborough-homeowners-love-our-bespoke-shutters%2F","","1","https://shutter-envy.co.uk/why-loughborough-homeowners-love-our-bespoke-shutters/"
"https://www.facebook.com/tr?id=1214905783001306&ev=PageView&noscript=1&cd%5Bpost_category%5D=Products&cd%5Bpage_title%5D=Modern+Shutter+Installations+in+Charnwood%3A+What+to+Expect&cd%5Bpost_type%5D=post&cd%5Bpost_id%5D=2848&cd%5Bplugin%5D=PixelYourSite&cd%5Buser_role%5D=guest&cd%5Bevent_url%5D=shutter-envy.co.uk%2Fmodern-shutter-installations-in-charnwood-what-to-expect%2F","","1","https://shutter-envy.co.uk/modern-shutter-installations-in-charnwood-what-to-expect/"
"https://www.facebook.com/tr?id=1214905783001306&ev=PageView&noscript=1&cd%5Bpost_category%5D=Products&cd%5Bpage_title%5D=The+Difference+Between+Wooden+and+Faux+Wood+Shutters&cd%5Bpost_type%5D=post&cd%5Bpost_id%5D=1959&cd%5Bplugin%5D=PixelYourSite&cd%5Buser_role%5D=guest&cd%5Bevent_url%5D=shutter-envy.co.uk%2Fthe-difference-between-wooden-and-faux-wood-shutters%2F","","1","https://shutter-envy.co.uk/the-difference-between-wooden-and-faux-wood-shutters/"
"https://www.facebook.com/tr?id=1214905783001306&ev=PageView&noscript=1&cd%5Bpost_category%5D=Recent+Projects%2C+Shutters&cd%5Bpage_title%5D=Transformative+Elegance%3A+British-Made+Faux+Wood+Shutters+in+Silk+White%2C+Market+Harborough&cd%5Bpost_type%5D=post&cd%5Bpost_id%5D=2387&cd%5Bplugin%5D=PixelYourSite&cd%5Buser_role%5D=guest&cd%5Bevent_url%5D=shutter-envy.co.uk%2Ftransformative-elegance-british-made-faux-wood-shutters-in-silk-white-market-harborough%2F","","1","https://shutter-envy.co.uk/transformative-elegance-british-made-faux-wood-shutters-in-silk-white-market-harborough/"
"https://www.facebook.com/tr?id=1214905783001306&ev=PageView&noscript=1&cd%5Bpost_category%5D=Recent+Projects&cd%5Bpage_title%5D=Arched+Window+Shutters+in+Leicestershire&cd%5Bpost_type%5D=post&cd%5Bpost_id%5D=2194&cd%5Bplugin%5D=PixelYourSite&cd%5Buser_role%5D=guest&cd%5Bevent_url%5D=shutter-envy.co.uk%2Fbespoke-arched-window-shutters-shutter-envy-leicestershire%2F","","5","https://shutter-envy.co.uk/bespoke-arched-window-shutters-shutter-envy-leicestershire/"
"https://www.facebook.com/tr?id=1214905783001306&ev=PageView&noscript=1&cd%5Bpost_category%5D=Recent+Projects&cd%5Bpage_title%5D=Bay+Window+Shutters+installed&cd%5Bpost_type%5D=post&cd%5Bpost_id%5D=2167&cd%5Bplugin%5D=PixelYourSite&cd%5Buser_role%5D=guest&cd%5Bevent_url%5D=shutter-envy.co.uk%2Fbay-window-shutters-installed%2F","","1","https://shutter-envy.co.uk/bay-window-shutters-installed/"
"https://www.facebook.com/tr?id=1214905783001306&ev=PageView&noscript=1&cd%5Bpost_category%5D=Recent+Projects&cd%5Bpage_title%5D=Bi-folding+Door+Shutters+Installation+in+Leicestershire&cd%5Bpost_type%5D=post&cd%5Bpost_id%5D=2188&cd%5Bplugin%5D=PixelYourSite&cd%5Buser_role%5D=guest&cd%5Bevent_url%5D=shutter-envy.co.uk%2Fbi-folding-door-shutters-installation-in-leicestershire%2F","","4","https://shutter-envy.co.uk/bi-folding-door-shutters-installation-in-leicestershire/"
"https://www.facebook.com/tr?id=1214905783001306&ev=PageView&noscript=1&cd%5Bpost_category%5D=Recent+Projects&cd%5Bpage_title%5D=Bypass+Track+Shutter+in+Mountsorrel&cd%5Bpost_type%5D=post&cd%5Bpost_id%5D=2300&cd%5Bplugin%5D=PixelYourSite&cd%5Buser_role%5D=guest&cd%5Bevent_url%5D=shutter-envy.co.uk%2Fbypass-track-shutter-in-mountsorrel%2F","","1","https://shutter-envy.co.uk/bypass-track-shutter-in-mountsorrel/"
"https://www.facebook.com/tr?id=1214905783001306&ev=PageView&noscript=1&cd%5Bpost_category%5D=Recent+Projects&cd%5Bpage_title%5D=Custom+Shutters+for+New+Build+Home+in+Loughborough&cd%5Bpost_type%5D=post&cd%5Bpost_id%5D=2210&cd%5Bplugin%5D=PixelYourSite&cd%5Buser_role%5D=guest&cd%5Bevent_url%5D=shutter-envy.co.uk%2Fcustom-shutters-for-new-build-home-in-loughborough%2F","","1","https://shutter-envy.co.uk/custom-shutters-for-new-build-home-in-loughborough/"
"https://www.facebook.com/tr?id=1214905783001306&ev=PageView&noscript=1&cd%5Bpost_category%5D=Recent+Projects&cd%5Bpage_title%5D=Elegant+Bay+Window+Shutter+Installation+in+Stamford&cd%5Bpost_type%5D=post&cd%5Bpost_id%5D=2223&cd%5Bplugin%5D=PixelYourSite&cd%5Buser_role%5D=guest&cd%5Bevent_url%5D=shutter-envy.co.uk%2Felegant-bay-window-shutter-installation-in-stamford%2F","","1","https://shutter-envy.co.uk/elegant-bay-window-shutter-installation-in-stamford/"
"https://www.facebook.com/tr?id=1214905783001306&ev=PageView&noscript=1&cd%5Bpost_category%5D=Recent+Projects&cd%5Bpage_title%5D=Kitchen+Shutters+in+Woodhouse%2C+Leicestershire&cd%5Bpost_type%5D=post&cd%5Bpost_id%5D=2233&cd%5Bplugin%5D=PixelYourSite&cd%5Buser_role%5D=guest&cd%5Bevent_url%5D=shutter-envy.co.uk%2Fkitchen-shutter-install-in-woodhouse-leicestershire%2F","","1","https://shutter-envy.co.uk/kitchen-shutter-install-in-woodhouse-leicestershire/"
"https://www.facebook.com/tr?id=1214905783001306&ev=PageView&noscript=1&cd%5Bpost_category%5D=Recent+Projects&cd%5Bpage_title%5D=Pairing+Bespoke+Shutters+with+Your+Home%E2%80%99s+Architecture+in+the+East+Midlands&cd%5Bpost_type%5D=post&cd%5Bpost_id%5D=2239&cd%5Bplugin%5D=PixelYourSite&cd%5Buser_role%5D=guest&cd%5Bevent_url%5D=shutter-envy.co.uk%2Fpairing-bespoke-shutters-with-your-homes-architecture-in-the-east-midlands%2F","","1","https://shutter-envy.co.uk/pairing-bespoke-shutters-with-your-homes-architecture-in-the-east-midlands/"
"https://www.facebook.com/tr?id=1214905783001306&ev=PageView&noscript=1&cd%5Bpost_category%5D=Recent+Projects&cd%5Bpage_title%5D=Shutter+Envy&cd%5Bpost_type%5D=page&cd%5Bplugin%5D=PixelYourSite&cd%5Buser_role%5D=guest&cd%5Bevent_url%5D=shutter-envy.co.uk%2Fnews%2Fpage%2F4%2F","","1","https://shutter-envy.co.uk/news/page/4/"
"https://www.facebook.com/tr?id=1214905783001306&ev=PageView&noscript=1&cd%5Bpost_category%5D=Recent+Projects&cd%5Bpage_title%5D=Stylish+Bay+Window+Shutter+Installation+in+Burbage&cd%5Bpost_type%5D=post&cd%5Bpost_id%5D=2228&cd%5Bplugin%5D=PixelYourSite&cd%5Buser_role%5D=guest&cd%5Bevent_url%5D=shutter-envy.co.uk%2Fstylish-bay-window-shutter-in-burbage%2F","","1","https://shutter-envy.co.uk/stylish-bay-window-shutter-in-burbage/"
"https://www.facebook.com/tr?id=1214905783001306&ev=PageView&noscript=1&cd%5Bpost_category%5D=Recent+Projects&cd%5Bpage_title%5D=Tier-on-Tier+Shutters+in+Leicestershire&cd%5Bpost_type%5D=post&cd%5Bpost_id%5D=2202&cd%5Bplugin%5D=PixelYourSite&cd%5Buser_role%5D=guest&cd%5Bevent_url%5D=shutter-envy.co.uk%2Fversatile-tier-on-tier-shutters-shutter-envy-leicestershire%2F","","1","https://shutter-envy.co.uk/versatile-tier-on-tier-shutters-shutter-envy-leicestershire/"
"https://www.facebook.com/tr?id=1214905783001306&ev=PageView&noscript=1&cd%5Bpost_category%5D=Reviews%2C+Shutters&cd%5Bpage_title%5D=What+a+review+from+Amie%21&cd%5Bpost_type%5D=post&cd%5Bpost_id%5D=2349&cd%5Bplugin%5D=PixelYourSite&cd%5Buser_role%5D=guest&cd%5Bevent_url%5D=shutter-envy.co.uk%2Fwhat-a-review-from-amie%2F","","1","https://shutter-envy.co.uk/what-a-review-from-amie/"
"https://www.facebook.com/tr?id=1214905783001306&ev=PageView&noscript=1&cd%5Bpost_category%5D=Reviews&cd%5Bpage_title%5D=Celebrating+40+Glowing+Five-Star+Reviews&cd%5Bpost_type%5D=post&cd%5Bpost_id%5D=2063&cd%5Bplugin%5D=PixelYourSite&cd%5Buser_role%5D=guest&cd%5Bevent_url%5D=shutter-envy.co.uk%2Fcelebrating-40-glowing-five-star-reviews%2F","","1","https://shutter-envy.co.uk/celebrating-40-glowing-five-star-reviews/"
"https://www.facebook.com/tr?id=1214905783001306&ev=PageView&noscript=1&cd%5Bpost_category%5D=Shutter+Envy+Awards&cd%5Bpage_title%5D=Shutter+Envy+Named+Blind+%26+Shutter+Specialists+of+the+Year+for+Third+Year+Running&cd%5Bpost_type%5D=post&cd%5Bpost_id%5D=1853&cd%5Bplugin%5D=PixelYourSite&cd%5Buser_role%5D=guest&cd%5Bevent_url%5D=shutter-envy.co.uk%2Fshutter-envy-named-blind-shutter-specialists-of-the-year-for-third-year-running%2F","","1","https://shutter-envy.co.uk/shutter-envy-named-blind-shutter-specialists-of-the-year-for-third-year-running/"
"https://www.facebook.com/tr?id=1214905783001306&ev=PageView&noscript=1&cd%5Bpost_category%5D=Shutter+Envy+Awards&cd%5Bpage_title%5D=Shutter+Envy+Wins+2026+Award+of+Excellence&cd%5Bpost_type%5D=post&cd%5Bpost_id%5D=2408&cd%5Bplugin%5D=PixelYourSite&cd%5Buser_role%5D=guest&cd%5Bevent_url%5D=shutter-envy.co.uk%2Fshutter-envy-wins-2026-award-of-excellence%2F","","1","https://shutter-envy.co.uk/shutter-envy-wins-2026-award-of-excellence/"
"https://www.facebook.com/tr?id=1214905783001306&ev=PageView&noscript=1&cd%5Bpost_category%5D=Shutter+Envy+Awards&cd%5Bpage_title%5D=Shutter+Envy+Wins+Prestigious+Award+of+Excellence+2025%21&cd%5Bpost_type%5D=post&cd%5Bpost_id%5D=1705&cd%5Bplugin%5D=PixelYourSite&cd%5Buser_role%5D=guest&cd%5Bevent_url%5D=shutter-envy.co.uk%2Fshutter-envy-wins-prestigious-award-of-excellence-2025%2F","","1","https://shutter-envy.co.uk/shutter-envy-wins-prestigious-award-of-excellence-2025/"
"https://www.facebook.com/tr?id=1214905783001306&ev=PageView&noscript=1&cd%5Bpost_category%5D=Shutters%2C+Uncategorized&cd%5Bpage_title%5D=Are+Window+Shutters+Worth+It%3F+Your+Complete+Guide+to+Cost%2C+Value%2C+and+Style&cd%5Bpost_type%5D=post&cd%5Bpost_id%5D=2589&cd%5Bplugin%5D=PixelYourSite&cd%5Buser_role%5D=guest&cd%5Bevent_url%5D=shutter-envy.co.uk%2Fare-window-shutters-worth-it-your-complete-guide-to-cost-value-and-style%2F","","1","https://shutter-envy.co.uk/are-window-shutters-worth-it-your-complete-guide-to-cost-value-and-style/"
"https://www.facebook.com/tr?id=1214905783001306&ev=PageView&noscript=1&cd%5Bpost_category%5D=Shutters&cd%5Bpage_title%5D=7+Signs+It%E2%80%99s+Time+to+Replace+Your+Old+Blinds+with+Shutters&cd%5Bpost_type%5D=post&cd%5Bpost_id%5D=1954&cd%5Bplugin%5D=PixelYourSite&cd%5Buser_role%5D=guest&cd%5Bevent_url%5D=shutter-envy.co.uk%2F7-signs-its-time-to-replace-your-old-blinds-with-shutters%2F","","1","https://shutter-envy.co.uk/7-signs-its-time-to-replace-your-old-blinds-with-shutters/"
"https://www.facebook.com/tr?id=1214905783001306&ev=PageView&noscript=1&cd%5Bpost_category%5D=Shutters&cd%5Bpage_title%5D=Are+Faux+Wood+Shutters+Any+Good%3F+Durability%2C+Cost+%26+Honest+Verdict&cd%5Bpost_type%5D=post&cd%5Bpost_id%5D=2698&cd%5Bplugin%5D=PixelYourSite&cd%5Buser_role%5D=guest&cd%5Bevent_url%5D=shutter-envy.co.uk%2Fare-faux-wood-shutters-any-good-durability-cost-honest-verdict%2F","","1","https://shutter-envy.co.uk/are-faux-wood-shutters-any-good-durability-cost-honest-verdict/"
"https://www.facebook.com/tr?id=1214905783001306&ev=PageView&noscript=1&cd%5Bpost_category%5D=Shutters&cd%5Bpage_title%5D=Are+Window+Shutters+Still+in+Style%3F+Timeless+Elegance+in+Loughborough+%26+Leicester&cd%5Bpost_type%5D=post&cd%5Bpost_id%5D=2110&cd%5Bplugin%5D=PixelYourSite&cd%5Buser_role%5D=guest&cd%5Bevent_url%5D=shutter-envy.co.uk%2Fare-window-shutters-still-in-style-timeless-elegance-in-loughborough-leicester%2F","","1","https://shutter-envy.co.uk/are-window-shutters-still-in-style-timeless-elegance-in-loughborough-leicester/"
"https://www.facebook.com/tr?id=1214905783001306&ev=PageView&noscript=1&cd%5Bpost_category%5D=Shutters&cd%5Bpage_title%5D=Are+Window+Shutters+Still+on+Trend%3F&cd%5Bpost_type%5D=post&cd%5Bpost_id%5D=1917&cd%5Bplugin%5D=PixelYourSite&cd%5Buser_role%5D=guest&cd%5Bevent_url%5D=shutter-envy.co.uk%2Fare-window-shutters-still-on-trend%2F","","1","https://shutter-envy.co.uk/are-window-shutters-still-on-trend/"
"https://www.facebook.com/tr?id=1214905783001306&ev=PageView&noscript=1&cd%5Bpost_category%5D=Shutters&cd%5Bpage_title%5D=Can+Your+Shutters+Survive+the+Bathroom%3F&cd%5Bpost_type%5D=post&cd%5Bpost_id%5D=2016&cd%5Bplugin%5D=PixelYourSite&cd%5Buser_role%5D=guest&cd%5Bevent_url%5D=shutter-envy.co.uk%2Fcan-your-shutters-survive-the-bathroom%2F","","1","https://shutter-envy.co.uk/can-your-shutters-survive-the-bathroom/"
"https://www.facebook.com/tr?id=1214905783001306&ev=PageView&noscript=1&cd%5Bpost_category%5D=Shutters&cd%5Bpage_title%5D=Choosing+the+Perfect+Style%3A+Full+Height+vs.+Tier-on-Tier+Shutters&cd%5Bpost_type%5D=post&cd%5Bpost_id%5D=2495&cd%5Bplugin%5D=PixelYourSite&cd%5Buser_role%5D=guest&cd%5Bevent_url%5D=shutter-envy.co.uk%2Fchoosing-the-perfect-style-full-height-vs-tier-on-tier-shutters%2F","","1","https://shutter-envy.co.uk/choosing-the-perfect-style-full-height-vs-tier-on-tier-shutters/"
"https://www.facebook.com/tr?id=1214905783001306&ev=PageView&noscript=1&cd%5Bpost_category%5D=Shutters&cd%5Bpage_title%5D=DIY+vs.+Professional+Shutter+Installation%3A+Making+the+Right+Choice+for+Your+Home&cd%5Bpost_type%5D=post&cd%5Bpost_id%5D=2509&cd%5Bplugin%5D=PixelYourSite&cd%5Buser_role%5D=guest&cd%5Bevent_url%5D=shutter-envy.co.uk%2Fdiy-vs-professional-shutter-installation-making-the-right-choice-for-your-home%2F","","1","https://shutter-envy.co.uk/diy-vs-professional-shutter-installation-making-the-right-choice-for-your-home/"
"https://www.facebook.com/tr?id=1214905783001306&ev=PageView&noscript=1&cd%5Bpost_category%5D=Shutters&cd%5Bpage_title%5D=DIY+vs.+Professional+Shutter+Installation%3A+What%27s+Right+for+You%3F&cd%5Bpost_type%5D=post&cd%5Bpost_id%5D=1532&cd%5Bplugin%5D=PixelYourSite&cd%5Buser_role%5D=guest&cd%5Bevent_url%5D=shutter-envy.co.uk%2Fdiy-vs-professional-shutter-installation-whats-right-for-you%2F","","1","https://shutter-envy.co.uk/diy-vs-professional-shutter-installation-whats-right-for-you/"
"https://www.facebook.com/tr?id=1214905783001306&ev=PageView&noscript=1&cd%5Bpost_category%5D=Shutters&cd%5Bpage_title%5D=Don%27t+Get+Shutter-Struck%3A+Your+Essential+Guide+to+Buying+Shutters&cd%5Bpost_type%5D=post&cd%5Bpost_id%5D=2120&cd%5Bplugin%5D=PixelYourSite&cd%5Buser_role%5D=guest&cd%5Bevent_url%5D=shutter-envy.co.uk%2Fdont-get-shutter-struck-your-essential-guide-to-buying-shutters%2F","","1","https://shutter-envy.co.uk/dont-get-shutter-struck-your-essential-guide-to-buying-shutters/"
"https://www.facebook.com/tr?id=1214905783001306&ev=PageView&noscript=1&cd%5Bpost_category%5D=Shutters&cd%5Bpage_title%5D=Eco-Friendly+Window+Treatments%3A+Are+Shutters+the+Greener+Choice%3F&cd%5Bpost_type%5D=post&cd%5Bpost_id%5D=1962&cd%5Bplugin%5D=PixelYourSite&cd%5Buser_role%5D=guest&cd%5Bevent_url%5D=shutter-envy.co.uk%2Feco-friendly-window-treatments-are-shutters-the-greener-choice%2F","","1","https://shutter-envy.co.uk/eco-friendly-window-treatments-are-shutters-the-greener-choice/"
"https://www.facebook.com/tr?id=1214905783001306&ev=PageView&noscript=1&cd%5Bpost_category%5D=Shutters&cd%5Bpage_title%5D=From+MDF+to+Hardwood%3A+Choosing+the+Right+Shutter+Material&cd%5Bpost_type%5D=post&cd%5Bpost_id%5D=1882&cd%5Bplugin%5D=PixelYourSite&cd%5Buser_role%5D=guest&cd%5Bevent_url%5D=shutter-envy.co.uk%2Ffrom-mdf-to-hardwood-choosing-the-right-shutter-material%2F","","1","https://shutter-envy.co.uk/from-mdf-to-hardwood-choosing-the-right-shutter-material/"
"https://www.facebook.com/tr?id=1214905783001306&ev=PageView&noscript=1&cd%5Bpost_category%5D=Shutters&cd%5Bpage_title%5D=How+Shutters+Can+Help+Reduce+Street+Noise&cd%5Bpost_type%5D=post&cd%5Bpost_id%5D=1957&cd%5Bplugin%5D=PixelYourSite&cd%5Buser_role%5D=guest&cd%5Bevent_url%5D=shutter-envy.co.uk%2Fhow-shutters-can-help-reduce-street-noise%2F","","1","https://shutter-envy.co.uk/how-shutters-can-help-reduce-street-noise/"
"https://www.facebook.com/tr?id=1214905783001306&ev=PageView&noscript=1&cd%5Bpost_category%5D=Shutters&cd%5Bpage_title%5D=How+to+Choose+the+Right+Colour+Shutter+for+Your+Room&cd%5Bpost_type%5D=post&cd%5Bpost_id%5D=2552&cd%5Bplugin%5D=PixelYourSite&cd%5Buser_role%5D=guest&cd%5Bevent_url%5D=shutter-envy.co.uk%2Fhow-to-choose-the-right-colour-shutter-for-your-room%2F","","1","https://shutter-envy.co.uk/how-to-choose-the-right-colour-shutter-for-your-room/"
"https://www.facebook.com/tr?id=1214905783001306&ev=PageView&noscript=1&cd%5Bpost_category%5D=Shutters&cd%5Bpage_title%5D=Just+Moved+In%3F+Let%E2%80%99s+Talk+Shutters+for+Your+New+Build&cd%5Bpost_type%5D=post&cd%5Bpost_id%5D=2236&cd%5Bplugin%5D=PixelYourSite&cd%5Buser_role%5D=guest&cd%5Bevent_url%5D=shutter-envy.co.uk%2Fjust-moved-in-lets-talk-shutters-for-your-new-build%2F","","1","https://shutter-envy.co.uk/just-moved-in-lets-talk-shutters-for-your-new-build/"
"https://www.facebook.com/tr?id=1214905783001306&ev=PageView&noscript=1&cd%5Bpost_category%5D=Shutters&cd%5Bpage_title%5D=Minimalist%3F+Traditional%3F+Coastal%3F+Shutters+for+Every+Vibe&cd%5Bpost_type%5D=post&cd%5Bpost_id%5D=1964&cd%5Bplugin%5D=PixelYourSite&cd%5Buser_role%5D=guest&cd%5Bevent_url%5D=shutter-envy.co.uk%2Fminimalist-traditional-coastal-shutters-for-every-vibe%2F","","1","https://shutter-envy.co.uk/minimalist-traditional-coastal-shutters-for-every-vibe/"
"https://www.facebook.com/tr?id=1214905783001306&ev=PageView&noscript=1&cd%5Bpost_category%5D=Shutters&cd%5Bpage_title%5D=My+Windows+Aren%E2%80%99t+Standard+Size.+Can+I+Still+Get+Shutters%3F&cd%5Bpost_type%5D=post&cd%5Bpost_id%5D=2012&cd%5Bplugin%5D=PixelYourSite&cd%5Buser_role%5D=guest&cd%5Bevent_url%5D=shutter-envy.co.uk%2Fmy-windows-arent-standard-size-can-i-still-get-shutters%2F","","1","https://shutter-envy.co.uk/my-windows-arent-standard-size-can-i-still-get-shutters/"
"https://www.facebook.com/tr?id=1214905783001306&ev=PageView&noscript=1&cd%5Bpost_category%5D=Shutters&cd%5Bpage_title%5D=One+of+Our+Customers+Showed+us+his+New+Shutters&cd%5Bpost_type%5D=post&cd%5Bpost_id%5D=2095&cd%5Bplugin%5D=PixelYourSite&cd%5Buser_role%5D=guest&cd%5Bevent_url%5D=shutter-envy.co.uk%2Fone-of-our-customers-showed-us-his-new-shutters%2F","","1","https://shutter-envy.co.uk/one-of-our-customers-showed-us-his-new-shutters/"
"https://www.facebook.com/tr?id=1214905783001306&ev=PageView&noscript=1&cd%5Bpost_category%5D=Shutters&cd%5Bpage_title%5D=Overcoming+Common+Shutter+Challenges+in+New-Build+Homes&cd%5Bpost_type%5D=post&cd%5Bpost_id%5D=2401&cd%5Bplugin%5D=PixelYourSite&cd%5Buser_role%5D=guest&cd%5Bevent_url%5D=shutter-envy.co.uk%2Fovercoming-common-shutter-challenges-in-new-build-homes%2F","","1","https://shutter-envy.co.uk/overcoming-common-shutter-challenges-in-new-build-homes/"
"https://www.facebook.com/tr?id=1214905783001306&ev=PageView&noscript=1&cd%5Bpost_category%5D=Shutters&cd%5Bpage_title%5D=Plantation+Shutters+in+Loughborough%3A+Why+Local+Homeowners+Are+Choosing+Shutter+Envy&cd%5Bpost_type%5D=post&cd%5Bpost_id%5D=2802&cd%5Bplugin%5D=PixelYourSite&cd%5Buser_role%5D=guest&cd%5Bevent_url%5D=shutter-envy.co.uk%2Fplantation-shutters-in-loughborough-why-local-homeowners-are-choosing-shutter-envy%2F","","1","https://shutter-envy.co.uk/plantation-shutters-in-loughborough-why-local-homeowners-are-choosing-shutter-envy/"
"https://www.facebook.com/tr?id=1214905783001306&ev=PageView&noscript=1&cd%5Bpost_category%5D=Shutters&cd%5Bpage_title%5D=Shutter+Envy&cd%5Bpost_type%5D=page&cd%5Bplugin%5D=PixelYourSite&cd%5Buser_role%5D=guest&cd%5Bevent_url%5D=shutter-envy.co.uk%2Fnews%2F","","1","https://shutter-envy.co.uk/news/"
"https://www.facebook.com/tr?id=1214905783001306&ev=PageView&noscript=1&cd%5Bpost_category%5D=Shutters&cd%5Bpage_title%5D=Shutter+Envy&cd%5Bpost_type%5D=page&cd%5Bplugin%5D=PixelYourSite&cd%5Buser_role%5D=guest&cd%5Bevent_url%5D=shutter-envy.co.uk%2Fnews%2Fpage%2F2%2F","","1","https://shutter-envy.co.uk/news/page/2/"
"https://www.facebook.com/tr?id=1214905783001306&ev=PageView&noscript=1&cd%5Bpost_category%5D=Shutters&cd%5Bpage_title%5D=Shutter+Envy&cd%5Bpost_type%5D=page&cd%5Bplugin%5D=PixelYourSite&cd%5Buser_role%5D=guest&cd%5Bevent_url%5D=shutter-envy.co.uk%2Fnews%2Fpage%2F3%2F","","1","https://shutter-envy.co.uk/news/page/3/"
"https://www.facebook.com/tr?id=1214905783001306&ev=PageView&noscript=1&cd%5Bpost_category%5D=Shutters&cd%5Bpage_title%5D=Shutter+Envy&cd%5Bpost_type%5D=page&cd%5Bplugin%5D=PixelYourSite&cd%5Buser_role%5D=guest&cd%5Bevent_url%5D=shutter-envy.co.uk%2Fnews%2Fpage%2F5%2F","","1","https://shutter-envy.co.uk/news/page/5/"
"https://www.facebook.com/tr?id=1214905783001306&ev=PageView&noscript=1&cd%5Bpost_category%5D=Shutters&cd%5Bpage_title%5D=Shutter+Installation%3A+Queniborough&cd%5Bpost_type%5D=post&cd%5Bpost_id%5D=2538&cd%5Bplugin%5D=PixelYourSite&cd%5Buser_role%5D=guest&cd%5Bevent_url%5D=shutter-envy.co.uk%2Fshutter-installation-queniborough%2F","","1","https://shutter-envy.co.uk/shutter-installation-queniborough/"
"https://www.facebook.com/tr?id=1214905783001306&ev=PageView&noscript=1&cd%5Bpost_category%5D=Shutters&cd%5Bpage_title%5D=Shutters+in+Leicester%3A+Real-World+Price+Factors%2C+Timelines+%26+What+Your+Quote+Should+Include+%282026%29&cd%5Bpost_type%5D=post&cd%5Bpost_id%5D=2890&cd%5Bplugin%5D=PixelYourSite&cd%5Buser_role%5D=guest&cd%5Bevent_url%5D=shutter-envy.co.uk%2Fshutters-in-leicester-prices-timelines-quote-checklist%2F","","1","https://shutter-envy.co.uk/shutters-in-leicester-prices-timelines-quote-checklist/"
"https://www.facebook.com/tr?id=1214905783001306&ev=PageView&noscript=1&cd%5Bpost_category%5D=Shutters&cd%5Bpage_title%5D=Shutters+vs+Curtains%3A+Which+Is+Right+for+Your+Home%3F&cd%5Bpost_type%5D=post&cd%5Bpost_id%5D=2611&cd%5Bplugin%5D=PixelYourSite&cd%5Buser_role%5D=guest&cd%5Bevent_url%5D=shutter-envy.co.uk%2Fshutters-vs-curtains-which-is-right-for-your-home%2F","","1","https://shutter-envy.co.uk/shutters-vs-curtains-which-is-right-for-your-home/"
"https://www.facebook.com/tr?id=1214905783001306&ev=PageView&noscript=1&cd%5Bpost_category%5D=Shutters&cd%5Bpage_title%5D=The+Complete+UK+Guide+to+Plantation+Shutters&cd%5Bpost_type%5D=post&cd%5Bpost_id%5D=2066&cd%5Bplugin%5D=PixelYourSite&cd%5Buser_role%5D=guest&cd%5Bevent_url%5D=shutter-envy.co.uk%2Fthe-complete-uk-guide-to-plantation-shutters%2F","","1","https://shutter-envy.co.uk/the-complete-uk-guide-to-plantation-shutters/"
"https://www.facebook.com/tr?id=1214905783001306&ev=PageView&noscript=1&cd%5Bpost_category%5D=Shutters&cd%5Bpage_title%5D=Why+Made-to-Measure+Shutters+Make+All+the+Difference&cd%5Bpost_type%5D=post&cd%5Bpost_id%5D=1768&cd%5Bplugin%5D=PixelYourSite&cd%5Buser_role%5D=guest&cd%5Bevent_url%5D=shutter-envy.co.uk%2Fwhy-made-to-measure-shutters-make-all-the-difference%2F","","1","https://shutter-envy.co.uk/why-made-to-measure-shutters-make-all-the-difference/"
"https://www.facebook.com/tr?id=1214905783001306&ev=PageView&noscript=1&cd%5Bpost_category%5D=Shutters&cd%5Bpage_title%5D=Why+Plantation+Shutters+Are+Perfect+for+Winter+in+Leicestershire+Homes&cd%5Bpost_type%5D=post&cd%5Bpost_id%5D=2356&cd%5Bplugin%5D=PixelYourSite&cd%5Buser_role%5D=guest&cd%5Bevent_url%5D=shutter-envy.co.uk%2Fwhy-plantation-shutters-are-perfect-for-winter-in-leicestershire-homes%2F","","1","https://shutter-envy.co.uk/why-plantation-shutters-are-perfect-for-winter-in-leicestershire-homes/"
"https://www.facebook.com/tr?id=1214905783001306&ev=PageView&noscript=1&cd%5Bpost_category%5D=Shutters&cd%5Bpage_title%5D=Wood+vs+PVC+Shutters%3A+Which+Is+Best+for+Winter+Warmth+in+Loughborough+and+Leicester+Homes%3F&cd%5Bpost_type%5D=post&cd%5Bpost_id%5D=2485&cd%5Bplugin%5D=PixelYourSite&cd%5Buser_role%5D=guest&cd%5Bevent_url%5D=shutter-envy.co.uk%2Fwood-vs-pvc-shutters-which-is-best-for-winter-warmth-in-loughborough-and-leicester-homes%2F","","1","https://shutter-envy.co.uk/wood-vs-pvc-shutters-which-is-best-for-winter-warmth-in-loughborough-and-leicester-homes/"
"https://www.facebook.com/tr?id=1214905783001306&ev=PageView&noscript=1&cd%5Bpost_category%5D=Uncategorized&cd%5Bpage_title%5D=Are+Shutters+Better+Than+Curtains+for+Privacy%3F&cd%5Bpost_type%5D=post&cd%5Bpost_id%5D=2641&cd%5Bplugin%5D=PixelYourSite&cd%5Buser_role%5D=guest&cd%5Bevent_url%5D=shutter-envy.co.uk%2Fare-shutters-better-than-curtains-for-privacy%2F","","1","https://shutter-envy.co.uk/are-shutters-better-than-curtains-for-privacy/"
"https://www.facebook.com/tr?id=1214905783001306&ev=PageView&noscript=1&cd%5Bpost_category%5D=Uncategorized&cd%5Bpage_title%5D=Beyond+Beauty%3A+How+Shutters+Become+Your+Home%27s+Winter+Fortress&cd%5Bpost_type%5D=post&cd%5Bpost_id%5D=2140&cd%5Bplugin%5D=PixelYourSite&cd%5Buser_role%5D=guest&cd%5Bevent_url%5D=shutter-envy.co.uk%2Fbeyond-beauty-how-shutters-become-your-homes-winter-fortress%2F","","1","https://shutter-envy.co.uk/beyond-beauty-how-shutters-become-your-homes-winter-fortress/"
"https://www.facebook.com/tr?id=1214905783001306&ev=PageView&noscript=1&cd%5Bpost_category%5D=Uncategorized&cd%5Bpage_title%5D=Bonfire+Night+Bliss+Behind+Our+Shutters&cd%5Bpost_type%5D=post&cd%5Bpost_id%5D=2317&cd%5Bplugin%5D=PixelYourSite&cd%5Buser_role%5D=guest&cd%5Bevent_url%5D=shutter-envy.co.uk%2Fbonfire-night-bliss-behind-our-shutters%2F","","1","https://shutter-envy.co.uk/bonfire-night-bliss-behind-our-shutters/"
"https://www.facebook.com/tr?id=1214905783001306&ev=PageView&noscript=1&cd%5Bpost_category%5D=Uncategorized&cd%5Bpage_title%5D=Choosing+Timeless+Shutters+as+a+Christmas+Gift+to+Your+Home&cd%5Bpost_type%5D=post&cd%5Bpost_id%5D=2417&cd%5Bplugin%5D=PixelYourSite&cd%5Buser_role%5D=guest&cd%5Bevent_url%5D=shutter-envy.co.uk%2Fchoosing-timeless-shutters-as-a-christmas-gift-to-your-home%2F","","1","https://shutter-envy.co.uk/choosing-timeless-shutters-as-a-christmas-gift-to-your-home/"
"https://www.facebook.com/tr?id=1214905783001306&ev=PageView&noscript=1&cd%5Bpost_category%5D=Uncategorized&cd%5Bpage_title%5D=Happy+Halloween+from+Shutter+Envy%21&cd%5Bpost_type%5D=post&cd%5Bpost_id%5D=2308&cd%5Bplugin%5D=PixelYourSite&cd%5Buser_role%5D=guest&cd%5Bevent_url%5D=shutter-envy.co.uk%2Fhappy-halloween-from-shutter-envy%2F","","1","https://shutter-envy.co.uk/happy-halloween-from-shutter-envy/"
"https://www.facebook.com/tr?id=1214905783001306&ev=PageView&noscript=1&cd%5Bpost_category%5D=Uncategorized&cd%5Bpage_title%5D=How+Much+Do+Plantation+Shutters+Cost%3F+A+Complete+UK+Price+Guide&cd%5Bpost_type%5D=post&cd%5Bpost_id%5D=2676&cd%5Bplugin%5D=PixelYourSite&cd%5Buser_role%5D=guest&cd%5Bevent_url%5D=shutter-envy.co.uk%2Fhow-much-do-plantation-shutters-cost-a-complete-uk-price-guide%2F","","1","https://shutter-envy.co.uk/how-much-do-plantation-shutters-cost-a-complete-uk-price-guide/"
"https://www.facebook.com/tr?id=1214905783001306&ev=PageView&noscript=1&cd%5Bpost_category%5D=Uncategorized&cd%5Bpage_title%5D=Motorised+Blinds%3A+A+Smarter+Way+to+Control+Your+Home&cd%5Bpost_type%5D=post&cd%5Bpost_id%5D=1802&cd%5Bplugin%5D=PixelYourSite&cd%5Buser_role%5D=guest&cd%5Bevent_url%5D=shutter-envy.co.uk%2Fmotorised-blinds-a-smarter-way-to-control-your-home%2F","","1","https://shutter-envy.co.uk/motorised-blinds-a-smarter-way-to-control-your-home/"
"https://www.facebook.com/tr?id=1214905783001306&ev=PageView&noscript=1&cd%5Bpost_category%5D=Uncategorized&cd%5Bpage_title%5D=New+Year%2C+Fresh+Home+%E2%80%93+Why+2026+Is+the+Perfect+Time+for+New+Shutters&cd%5Bpost_type%5D=post&cd%5Bpost_id%5D=2448&cd%5Bplugin%5D=PixelYourSite&cd%5Buser_role%5D=guest&cd%5Bevent_url%5D=shutter-envy.co.uk%2Fnew-year-fresh-home-why-2026-is-the-perfect-time-for-new-shutters%2F","","1","https://shutter-envy.co.uk/new-year-fresh-home-why-2026-is-the-perfect-time-for-new-shutters/"
"https://www.facebook.com/tr?id=1214905783001306&ev=PageView&noscript=1&cd%5Bpost_category%5D=Uncategorized&cd%5Bpage_title%5D=Transform+Your+Home+with+Shutter+Envy%3A+Real+Reviews%2C+Real+Results&cd%5Bpost_type%5D=post&cd%5Bpost_id%5D=1756&cd%5Bplugin%5D=PixelYourSite&cd%5Buser_role%5D=guest&cd%5Bevent_url%5D=shutter-envy.co.uk%2Ftransform-your-home-with-shutter-envy-real-reviews-real-results%2F","","1","https://shutter-envy.co.uk/transform-your-home-with-shutter-envy-real-reviews-real-results/"
"https://www.facebook.com/tr?id=1214905783001306&ev=PageView&noscript=1&cd%5Bpost_category%5D=Uncategorized&cd%5Bpage_title%5D=Transforming+North+Leicestershire+Homes+with+Bespoke+Shutters+and+Blinds&cd%5Bpost_type%5D=post&cd%5Bpost_id%5D=1859&cd%5Bplugin%5D=PixelYourSite&cd%5Buser_role%5D=guest&cd%5Bevent_url%5D=shutter-envy.co.uk%2Fshutters-blinds-north-leicestershire%2F","","1","https://shutter-envy.co.uk/shutters-blinds-north-leicestershire/"
"https://www.facebook.com/tr?id=1214905783001306&ev=PageView&noscript=1&cd%5Bpost_category%5D=Uncategorized&cd%5Bpage_title%5D=What+Our+Customers+Say%3A+Recent+Success+Across+Leicestershire&cd%5Bpost_type%5D=post&cd%5Bpost_id%5D=2627&cd%5Bplugin%5D=PixelYourSite&cd%5Buser_role%5D=guest&cd%5Bevent_url%5D=shutter-envy.co.uk%2Fwhat-our-customers-say-recent-success-across-leicestershire%2F","","1","https://shutter-envy.co.uk/what-our-customers-say-recent-success-across-leicestershire/"
